"cntry","wave","node","item","empirical_community","is_unassigned","item_stability","prop_unassigned_in_boot","modal_boot_community","modal_boot_proportion","n_communities_empirical","prop_dim1","prop_dim2","prop_dim3","prop_dim4","prop_dim5","prop_dim6","prop_dim7"
"BE","R9","V1","impdiff",1,FALSE,0.997,0,1,0.997,3,0.997,0,0,0.003,0,0,NA
"BE","R9","V2","impenv",2,FALSE,1,0,2,1,3,0,1,0,0,0,0,NA
"BE","R9","V3","impfree",1,FALSE,0.698,0.001,1,0.698,3,0.698,0.275,0,0.025,0.001,0,NA
"BE","R9","V4","impfun",1,FALSE,0.989,0,1,0.989,3,0.989,0,0,0.011,0,0,NA
"BE","R9","V5","imprich",1,FALSE,0.563,0,1,0.563,3,0.563,0.027,0.145,0.261,0.004,0,NA
"BE","R9","V6","impsafe",3,FALSE,1,0,3,1,3,0,0,1,0,0,0,NA
"BE","R9","V7","imptrad",3,FALSE,0.999,0,3,0.999,3,0,0,0.999,0,0.001,0,NA
"BE","R9","V8","ipadvnt",1,FALSE,0.937,0,1,0.937,3,0.937,0,0,0.063,0,0,NA
"BE","R9","V9","ipbhprp",3,FALSE,1,0,3,1,3,0,0,1,0,0,0,NA
"BE","R9","V10","ipcrtiv",1,FALSE,0.966,0,1,0.966,3,0.966,0.013,0,0.021,0,0,NA
"BE","R9","V11","ipeqopt",2,FALSE,1,0,2,1,3,0,1,0,0,0,0,NA
"BE","R9","V12","ipfrule",3,FALSE,1,0,3,1,3,0,0,1,0,0,0,NA
"BE","R9","V13","ipgdtim",1,FALSE,0.989,0,1,0.989,3,0.989,0,0,0.011,0,0,NA
"BE","R9","V14","iphlppl",2,FALSE,1,0,2,1,3,0,1,0,0,0,0,NA
"BE","R9","V15","iplylfr",2,FALSE,1,0,2,1,3,0,1,0,0,0,0,NA
"BE","R9","V16","ipmodst",3,FALSE,0.667,0.011,3,0.667,3,0.03,0.27,0.667,0.018,0.004,0,NA
"BE","R9","V17","iprspot",3,FALSE,0.66,0,3,0.66,3,0.112,0,0.66,0.224,0.004,0,NA
"BE","R9","V18","ipshabt",1,FALSE,0.684,0,1,0.684,3,0.684,0,0.001,0.286,0.026,0.003,NA
"BE","R9","V19","ipstrgv",3,FALSE,1,0,3,1,3,0,0,1,0,0,0,NA
"BE","R9","V20","ipsuces",1,FALSE,0.684,0,1,0.684,3,0.684,0,0.001,0.286,0.026,0.003,NA
"BE","R9","V21","ipudrst",2,FALSE,1,0,2,1,3,0,1,0,0,0,0,NA
"BE","R10","V1","impdiff",1,FALSE,0.998,0,1,0.998,4,0.998,0.002,0,0,NA,NA,NA
"BE","R10","V2","impenv",2,FALSE,0.993,0,2,0.993,4,0.007,0.993,0,0,NA,NA,NA
"BE","R10","V3","impfree",1,FALSE,0.735,0,1,0.735,4,0.735,0.265,0,0,NA,NA,NA
"BE","R10","V4","impfun",1,FALSE,1,0,1,1,4,1,0,0,0,NA,NA,NA
"BE","R10","V5","imprich",3,FALSE,0.917,0,3,0.917,4,0.079,0,0.917,0.004,NA,NA,NA
"BE","R10","V6","impsafe",4,FALSE,1,0,4,1,4,0,0,0,1,NA,NA,NA
"BE","R10","V7","imptrad",4,FALSE,1,0,4,1,4,0,0,0,1,NA,NA,NA
"BE","R10","V8","ipadvnt",1,FALSE,0.661,0,1,0.661,4,0.661,0,0.338,0.001,NA,NA,NA
"BE","R10","V9","ipbhprp",4,FALSE,1,0,4,1,4,0,0,0,1,NA,NA,NA
"BE","R10","V10","ipcrtiv",1,FALSE,0.776,0,1,0.776,4,0.776,0.224,0,0,NA,NA,NA
"BE","R10","V11","ipeqopt",2,FALSE,0.993,0,2,0.993,4,0.007,0.993,0,0,NA,NA,NA
"BE","R10","V12","ipfrule",4,FALSE,0.998,0,4,0.998,4,0,0,0.002,0.998,NA,NA,NA
"BE","R10","V13","ipgdtim",1,FALSE,1,0,1,1,4,1,0,0,0,NA,NA,NA
"BE","R10","V14","iphlppl",2,FALSE,0.993,0,2,0.993,4,0.007,0.993,0,0,NA,NA,NA
"BE","R10","V15","iplylfr",2,FALSE,0.993,0,2,0.993,4,0.007,0.993,0,0,NA,NA,NA
"BE","R10","V16","ipmodst",2,FALSE,0.455,0.025,4,0.463,4,0.004,0.455,0.053,0.463,NA,NA,NA
"BE","R10","V17","iprspot",4,FALSE,0.961,0,4,0.961,4,0,0,0.039,0.961,NA,NA,NA
"BE","R10","V18","ipshabt",3,FALSE,0.927,0,3,0.927,4,0.066,0,0.927,0.007,NA,NA,NA
"BE","R10","V19","ipstrgv",4,FALSE,1,0,4,1,4,0,0,0,1,NA,NA,NA
"BE","R10","V20","ipsuces",3,FALSE,0.927,0,3,0.927,4,0.067,0,0.927,0.006,NA,NA,NA
"BE","R10","V21","ipudrst",2,FALSE,0.993,0,2,0.993,4,0.007,0.993,0,0,NA,NA,NA
"BG","R9","V1","impdiff",1,FALSE,1,0,1,1,2,1,0,0,0,0,NA,NA
"BG","R9","V2","impenv",2,FALSE,0.799,0,2,0.799,2,0,0.799,0.2,0.001,0,NA,NA
"BG","R9","V3","impfree",1,FALSE,0.79,0,1,0.79,2,0.79,0,0.196,0.014,0,NA,NA
"BG","R9","V4","impfun",1,FALSE,1,0,1,1,2,1,0,0,0,0,NA,NA
"BG","R9","V5","imprich",1,FALSE,1,0,1,1,2,1,0,0,0,0,NA,NA
"BG","R9","V6","impsafe",2,FALSE,0.801,0,2,0.801,2,0,0.801,0.192,0.006,0.001,NA,NA
"BG","R9","V7","imptrad",2,FALSE,0.799,0,2,0.799,2,0,0.799,0.2,0.001,0,NA,NA
"BG","R9","V8","ipadvnt",1,FALSE,1,0,1,1,2,1,0,0,0,0,NA,NA
"BG","R9","V9","ipbhprp",2,FALSE,0.515,0,2,0.515,2,0,0.515,0.381,0.104,0,NA,NA
"BG","R9","V10","ipcrtiv",1,FALSE,0.999,0,1,0.999,2,0.999,0,0.001,0,0,NA,NA
"BG","R9","V11","ipeqopt",2,FALSE,0.807,0,2,0.807,2,0,0.807,0.185,0.007,0.001,NA,NA
"BG","R9","V12","ipfrule",2,FALSE,0.337,0,3,0.471,2,0,0.337,0.471,0.192,0,NA,NA
"BG","R9","V13","ipgdtim",1,FALSE,1,0,1,1,2,1,0,0,0,0,NA,NA
"BG","R9","V14","iphlppl",2,FALSE,0.791,0,2,0.791,2,0,0.791,0.2,0.009,0,NA,NA
"BG","R9","V15","iplylfr",2,FALSE,0.799,0,2,0.799,2,0,0.799,0.2,0.001,0,NA,NA
"BG","R9","V16","ipmodst",2,FALSE,0.337,0,3,0.471,2,0,0.337,0.471,0.192,0,NA,NA
"BG","R9","V17","iprspot",1,FALSE,0.405,0.003,1,0.405,2,0.405,0.003,0.363,0.226,0,NA,NA
"BG","R9","V18","ipshabt",1,FALSE,0.416,0,1,0.416,2,0.416,0,0.354,0.23,0,NA,NA
"BG","R9","V19","ipstrgv",2,FALSE,0.817,0,2,0.817,2,0,0.817,0.176,0.006,0.001,NA,NA
"BG","R9","V20","ipsuces",1,FALSE,0.483,0,1,0.483,2,0.483,0,0.299,0.218,0,NA,NA
"BG","R9","V21","ipudrst",2,FALSE,0.337,0,3,0.471,2,0,0.337,0.471,0.192,0,NA,NA
"BG","R10","V1","impdiff",1,FALSE,1,0,1,1,2,1,0,0,0,NA,NA,NA
"BG","R10","V2","impenv",2,FALSE,0.999,0,2,0.999,2,0,0.999,0.001,0,NA,NA,NA
"BG","R10","V3","impfree",1,FALSE,0.999,0,1,0.999,2,0.999,0,0.001,0,NA,NA,NA
"BG","R10","V4","impfun",1,FALSE,0.999,0,1,0.999,2,0.999,0,0.001,0,NA,NA,NA
"BG","R10","V5","imprich",1,FALSE,1,0,1,1,2,1,0,0,0,NA,NA,NA
"BG","R10","V6","impsafe",2,FALSE,0.999,0,2,0.999,2,0,0.999,0.001,0,NA,NA,NA
"BG","R10","V7","imptrad",2,FALSE,0.999,0,2,0.999,2,0,0.999,0.001,0,NA,NA,NA
"BG","R10","V8","ipadvnt",1,FALSE,0.999,0,1,0.999,2,0.999,0,0.001,0,NA,NA,NA
"BG","R10","V9","ipbhprp",2,FALSE,0.997,0,2,0.997,2,0,0.997,0.002,0.001,NA,NA,NA
"BG","R10","V10","ipcrtiv",1,FALSE,1,0,1,1,2,1,0,0,0,NA,NA,NA
"BG","R10","V11","ipeqopt",2,FALSE,0.999,0,2,0.999,2,0,0.999,0.001,0,NA,NA,NA
"BG","R10","V12","ipfrule",2,FALSE,0.997,0,2,0.997,2,0,0.997,0.002,0.001,NA,NA,NA
"BG","R10","V13","ipgdtim",1,FALSE,0.999,0,1,0.999,2,0.999,0,0.001,0,NA,NA,NA
"BG","R10","V14","iphlppl",2,FALSE,0.999,0,2,0.999,2,0,0.999,0.001,0,NA,NA,NA
"BG","R10","V15","iplylfr",2,FALSE,0.999,0,2,0.999,2,0,0.999,0.001,0,NA,NA,NA
"BG","R10","V16","ipmodst",2,FALSE,0.997,0,2,0.997,2,0,0.997,0.002,0.001,NA,NA,NA
"BG","R10","V17","iprspot",1,FALSE,0.884,0,1,0.884,2,0.884,0.111,0.004,0.001,NA,NA,NA
"BG","R10","V18","ipshabt",1,FALSE,0.999,0,1,0.999,2,0.999,0,0.001,0,NA,NA,NA
"BG","R10","V19","ipstrgv",2,FALSE,0.999,0,2,0.999,2,0,0.999,0.001,0,NA,NA,NA
"BG","R10","V20","ipsuces",1,FALSE,0.999,0,1,0.999,2,0.999,0,0.001,0,NA,NA,NA
"BG","R10","V21","ipudrst",2,FALSE,0.999,0,2,0.999,2,0,0.999,0.001,0,NA,NA,NA
"CH","R9","V1","impdiff",1,FALSE,1,0,1,1,4,1,0,0,0,0,NA,NA
"CH","R9","V2","impenv",2,FALSE,1,0,2,1,4,0,1,0,0,0,NA,NA
"CH","R9","V3","impfree",1,FALSE,0.639,0.001,1,0.639,4,0.639,0.347,0.001,0,0.012,NA,NA
"CH","R9","V4","impfun",1,FALSE,1,0,1,1,4,1,0,0,0,0,NA,NA
"CH","R9","V5","imprich",3,FALSE,0.997,0,3,0.997,4,0.003,0,0.997,0,0,NA,NA
"CH","R9","V6","impsafe",4,FALSE,1,0,4,1,4,0,0,0,1,0,NA,NA
"CH","R9","V7","imptrad",4,FALSE,1,0,4,1,4,0,0,0,1,0,NA,NA
"CH","R9","V8","ipadvnt",1,FALSE,1,0,1,1,4,1,0,0,0,0,NA,NA
"CH","R9","V9","ipbhprp",4,FALSE,1,0,4,1,4,0,0,0,1,0,NA,NA
"CH","R9","V10","ipcrtiv",1,FALSE,0.804,0,1,0.804,4,0.804,0.183,0.001,0,0.012,NA,NA
"CH","R9","V11","ipeqopt",2,FALSE,1,0,2,1,4,0,1,0,0,0,NA,NA
"CH","R9","V12","ipfrule",4,FALSE,1,0,4,1,4,0,0,0,1,0,NA,NA
"CH","R9","V13","ipgdtim",1,FALSE,1,0,1,1,4,1,0,0,0,0,NA,NA
"CH","R9","V14","iphlppl",2,FALSE,1,0,2,1,4,0,1,0,0,0,NA,NA
"CH","R9","V15","iplylfr",2,FALSE,1,0,2,1,4,0,1,0,0,0,NA,NA
"CH","R9","V16","ipmodst",4,FALSE,0.999,0,4,0.999,4,0,0.001,0,0.999,0,NA,NA
"CH","R9","V17","iprspot",4,FALSE,1,0,4,1,4,0,0,0,1,0,NA,NA
"CH","R9","V18","ipshabt",3,FALSE,0.997,0,3,0.997,4,0.003,0,0.997,0,0,NA,NA
"CH","R9","V19","ipstrgv",4,FALSE,1,0,4,1,4,0,0,0,1,0,NA,NA
"CH","R9","V20","ipsuces",3,FALSE,0.997,0,3,0.997,4,0.003,0,0.997,0,0,NA,NA
"CH","R9","V21","ipudrst",2,FALSE,1,0,2,1,4,0,1,0,0,0,NA,NA
"CH","R10","V1","impdiff",1,FALSE,0.976,0,1,0.976,4,0.976,0.024,0,0,0,NA,NA
"CH","R10","V2","impenv",2,FALSE,1,0,2,1,4,0,1,0,0,0,NA,NA
"CH","R10","V3","impfree",2,FALSE,0.934,0.001,2,0.934,4,0.064,0.934,0,0.001,0,NA,NA
"CH","R10","V4","impfun",1,FALSE,1,0,1,1,4,1,0,0,0,0,NA,NA
"CH","R10","V5","imprich",3,FALSE,0.901,0,3,0.901,4,0.003,0,0.901,0.096,0,NA,NA
"CH","R10","V6","impsafe",4,FALSE,1,0,4,1,4,0,0,0,1,0,NA,NA
"CH","R10","V7","imptrad",4,FALSE,0.999,0,4,0.999,4,0,0,0,0.999,0.001,NA,NA
"CH","R10","V8","ipadvnt",1,FALSE,1,0,1,1,4,1,0,0,0,0,NA,NA
"CH","R10","V9","ipbhprp",4,FALSE,1,0,4,1,4,0,0,0,1,0,NA,NA
"CH","R10","V10","ipcrtiv",2,FALSE,0.955,0,2,0.955,4,0.045,0.955,0,0,0,NA,NA
"CH","R10","V11","ipeqopt",2,FALSE,1,0,2,1,4,0,1,0,0,0,NA,NA
"CH","R10","V12","ipfrule",4,FALSE,1,0,4,1,4,0,0,0,1,0,NA,NA
"CH","R10","V13","ipgdtim",1,FALSE,1,0,1,1,4,1,0,0,0,0,NA,NA
"CH","R10","V14","iphlppl",2,FALSE,1,0,2,1,4,0,1,0,0,0,NA,NA
"CH","R10","V15","iplylfr",2,FALSE,1,0,2,1,4,0,1,0,0,0,NA,NA
"CH","R10","V16","ipmodst",4,FALSE,0.911,0.008,4,0.911,4,0.001,0.029,0.05,0.911,0.001,NA,NA
"CH","R10","V17","iprspot",4,FALSE,0.998,0,4,0.998,4,0,0,0.002,0.998,0,NA,NA
"CH","R10","V18","ipshabt",3,FALSE,0.9,0,3,0.9,4,0.002,0,0.9,0.097,0.001,NA,NA
"CH","R10","V19","ipstrgv",4,FALSE,1,0,4,1,4,0,0,0,1,0,NA,NA
"CH","R10","V20","ipsuces",3,FALSE,0.9,0,3,0.9,4,0.002,0,0.9,0.097,0.001,NA,NA
"CH","R10","V21","ipudrst",2,FALSE,1,0,2,1,4,0,1,0,0,0,NA,NA
"CZ","R9","V1","impdiff",1,FALSE,0.999,0,1,0.999,3,0.999,0,0,0.001,NA,NA,NA
"CZ","R9","V2","impenv",2,FALSE,1,0,2,1,3,0,1,0,0,NA,NA,NA
"CZ","R9","V3","impfree",1,FALSE,0.619,0,1,0.619,3,0.619,0.001,0.045,0.335,NA,NA,NA
"CZ","R9","V4","impfun",1,FALSE,1,0,1,1,3,1,0,0,0,NA,NA,NA
"CZ","R9","V5","imprich",1,FALSE,0.999,0,1,0.999,3,0.999,0,0,0.001,NA,NA,NA
"CZ","R9","V6","impsafe",2,FALSE,1,0,2,1,3,0,1,0,0,NA,NA,NA
"CZ","R9","V7","imptrad",2,FALSE,0.807,0,2,0.807,3,0,0.807,0.193,0,NA,NA,NA
"CZ","R9","V8","ipadvnt",1,FALSE,1,0,1,1,3,1,0,0,0,NA,NA,NA
"CZ","R9","V9","ipbhprp",3,FALSE,0.692,0,3,0.692,3,0,0.308,0.692,0,NA,NA,NA
"CZ","R9","V10","ipcrtiv",1,FALSE,0.619,0,1,0.619,3,0.619,0.001,0.045,0.335,NA,NA,NA
"CZ","R9","V11","ipeqopt",2,FALSE,0.815,0,2,0.815,3,0,0.815,0.185,0,NA,NA,NA
"CZ","R9","V12","ipfrule",3,FALSE,0.692,0,3,0.692,3,0,0.308,0.692,0,NA,NA,NA
"CZ","R9","V13","ipgdtim",1,FALSE,1,0,1,1,3,1,0,0,0,NA,NA,NA
"CZ","R9","V14","iphlppl",3,FALSE,0.642,0,3,0.642,3,0,0.358,0.642,0,NA,NA,NA
"CZ","R9","V15","iplylfr",2,FALSE,1,0,2,1,3,0,1,0,0,NA,NA,NA
"CZ","R9","V16","ipmodst",3,FALSE,0.692,0,3,0.692,3,0,0.308,0.692,0,NA,NA,NA
"CZ","R9","V17","iprspot",1,FALSE,0.999,0,1,0.999,3,0.999,0,0,0.001,NA,NA,NA
"CZ","R9","V18","ipshabt",1,FALSE,0.999,0,1,0.999,3,0.999,0,0,0.001,NA,NA,NA
"CZ","R9","V19","ipstrgv",2,FALSE,1,0,2,1,3,0,1,0,0,NA,NA,NA
"CZ","R9","V20","ipsuces",1,FALSE,0.999,0,1,0.999,3,0.999,0,0,0.001,NA,NA,NA
"CZ","R9","V21","ipudrst",3,FALSE,0.692,0,3,0.692,3,0,0.308,0.692,0,NA,NA,NA
"CZ","R10","V1","impdiff",1,FALSE,1,0,1,1,2,1,0,0,0,NA,NA,NA
"CZ","R10","V2","impenv",2,FALSE,1,0,2,1,2,0,1,0,0,NA,NA,NA
"CZ","R10","V3","impfree",1,FALSE,0.993,0,1,0.993,2,0.993,0,0.003,0.004,NA,NA,NA
"CZ","R10","V4","impfun",1,FALSE,1,0,1,1,2,1,0,0,0,NA,NA,NA
"CZ","R10","V5","imprich",1,FALSE,1,0,1,1,2,1,0,0,0,NA,NA,NA
"CZ","R10","V6","impsafe",2,FALSE,1,0,2,1,2,0,1,0,0,NA,NA,NA
"CZ","R10","V7","imptrad",2,FALSE,0.998,0,2,0.998,2,0,0.998,0.002,0,NA,NA,NA
"CZ","R10","V8","ipadvnt",1,FALSE,1,0,1,1,2,1,0,0,0,NA,NA,NA
"CZ","R10","V9","ipbhprp",2,FALSE,0.996,0,2,0.996,2,0,0.996,0.004,0,NA,NA,NA
"CZ","R10","V10","ipcrtiv",1,FALSE,0.994,0,1,0.994,2,0.994,0,0.002,0.004,NA,NA,NA
"CZ","R10","V11","ipeqopt",2,FALSE,1,0,2,1,2,0,1,0,0,NA,NA,NA
"CZ","R10","V12","ipfrule",2,FALSE,0.996,0,2,0.996,2,0,0.996,0.004,0,NA,NA,NA
"CZ","R10","V13","ipgdtim",1,FALSE,1,0,1,1,2,1,0,0,0,NA,NA,NA
"CZ","R10","V14","iphlppl",2,FALSE,1,0,2,1,2,0,1,0,0,NA,NA,NA
"CZ","R10","V15","iplylfr",2,FALSE,1,0,2,1,2,0,1,0,0,NA,NA,NA
"CZ","R10","V16","ipmodst",2,FALSE,0.996,0,2,0.996,2,0,0.996,0.004,0,NA,NA,NA
"CZ","R10","V17","iprspot",1,FALSE,0.944,0.003,1,0.944,2,0.944,0.049,0.003,0.001,NA,NA,NA
"CZ","R10","V18","ipshabt",1,FALSE,1,0,1,1,2,1,0,0,0,NA,NA,NA
"CZ","R10","V19","ipstrgv",2,FALSE,1,0,2,1,2,0,1,0,0,NA,NA,NA
"CZ","R10","V20","ipsuces",1,FALSE,1,0,1,1,2,1,0,0,0,NA,NA,NA
"CZ","R10","V21","ipudrst",2,FALSE,0.998,0,2,0.998,2,0,0.998,0.002,0,NA,NA,NA
"EE","R9","V1","impdiff",1,FALSE,1,0,1,1,4,1,0,0,0,0,NA,NA
"EE","R9","V2","impenv",2,FALSE,1,0,2,1,4,0,1,0,0,0,NA,NA
"EE","R9","V3","impfree",1,FALSE,0.788,0.053,1,0.788,4,0.788,0.073,0.002,0.053,0.031,NA,NA
"EE","R9","V4","impfun",1,FALSE,0.998,0,1,0.998,4,0.998,0,0.002,0,0,NA,NA
"EE","R9","V5","imprich",3,FALSE,0.969,0,3,0.969,4,0.031,0,0.969,0,0,NA,NA
"EE","R9","V6","impsafe",4,FALSE,0.496,0,4,0.496,4,0,0.47,0.034,0.496,0,NA,NA
"EE","R9","V7","imptrad",2,FALSE,0.994,0,2,0.994,4,0,0.994,0,0.006,0,NA,NA
"EE","R9","V8","ipadvnt",1,FALSE,1,0,1,1,4,1,0,0,0,0,NA,NA
"EE","R9","V9","ipbhprp",4,FALSE,0.315,0,2,0.685,4,0,0.685,0,0.315,0,NA,NA
"EE","R9","V10","ipcrtiv",1,FALSE,0.962,0,1,0.962,4,0.962,0.001,0.003,0.003,0.031,NA,NA
"EE","R9","V11","ipeqopt",2,FALSE,0.966,0,2,0.966,4,0,0.966,0,0.034,0,NA,NA
"EE","R9","V12","ipfrule",4,FALSE,0.499,0.001,4,0.499,4,0,0.462,0.038,0.499,0,NA,NA
"EE","R9","V13","ipgdtim",1,FALSE,1,0,1,1,4,1,0,0,0,0,NA,NA
"EE","R9","V14","iphlppl",2,FALSE,1,0,2,1,4,0,1,0,0,0,NA,NA
"EE","R9","V15","iplylfr",2,FALSE,1,0,2,1,4,0,1,0,0,0,NA,NA
"EE","R9","V16","ipmodst",4,FALSE,0.5,0,4,0.5,4,0,0.464,0.036,0.5,0,NA,NA
"EE","R9","V17","iprspot",3,FALSE,0.968,0,3,0.968,4,0.031,0,0.968,0.001,0,NA,NA
"EE","R9","V18","ipshabt",3,FALSE,0.969,0,3,0.969,4,0.031,0,0.969,0,0,NA,NA
"EE","R9","V19","ipstrgv",4,FALSE,0.37,0,2,0.629,4,0,0.629,0.001,0.37,0,NA,NA
"EE","R9","V20","ipsuces",3,FALSE,0.969,0,3,0.969,4,0.031,0,0.969,0,0,NA,NA
"EE","R9","V21","ipudrst",2,FALSE,0.995,0,2,0.995,4,0,0.995,0,0.005,0,NA,NA
"EE","R10","V1","impdiff",1,FALSE,1,0,1,1,4,1,0,0,0,0,NA,NA
"EE","R10","V2","impenv",2,FALSE,0.814,0,2,0.814,4,0,0.814,0,0.186,0,NA,NA
"EE","R10","V3","impfree",1,FALSE,0.964,0.003,1,0.964,4,0.964,0.003,0,0.029,0.001,NA,NA
"EE","R10","V4","impfun",1,FALSE,0.991,0,1,0.991,4,0.991,0,0.009,0,0,NA,NA
"EE","R10","V5","imprich",3,FALSE,1,0,3,1,4,0,0,1,0,0,NA,NA
"EE","R10","V6","impsafe",4,FALSE,0.977,0,4,0.977,4,0.001,0.022,0,0.977,0,NA,NA
"EE","R10","V7","imptrad",4,FALSE,0.636,0,4,0.636,4,0,0.364,0,0.636,0,NA,NA
"EE","R10","V8","ipadvnt",1,FALSE,1,0,1,1,4,1,0,0,0,0,NA,NA
"EE","R10","V9","ipbhprp",4,FALSE,0.978,0,4,0.978,4,0,0.022,0,0.978,0,NA,NA
"EE","R10","V10","ipcrtiv",1,FALSE,0.998,0,1,0.998,4,0.998,0,0,0.002,0,NA,NA
"EE","R10","V11","ipeqopt",2,FALSE,0.775,0,2,0.775,4,0,0.775,0,0.225,0,NA,NA
"EE","R10","V12","ipfrule",4,FALSE,0.978,0,4,0.978,4,0.003,0.016,0.003,0.978,0,NA,NA
"EE","R10","V13","ipgdtim",1,FALSE,1,0,1,1,4,1,0,0,0,0,NA,NA
"EE","R10","V14","iphlppl",2,FALSE,0.823,0,2,0.823,4,0,0.823,0,0.177,0,NA,NA
"EE","R10","V15","iplylfr",2,FALSE,0.823,0,2,0.823,4,0,0.823,0,0.177,0,NA,NA
"EE","R10","V16","ipmodst",4,FALSE,0.971,0.001,4,0.971,4,0.02,0.001,0.006,0.971,0.001,NA,NA
"EE","R10","V17","iprspot",3,FALSE,1,0,3,1,4,0,0,1,0,0,NA,NA
"EE","R10","V18","ipshabt",3,FALSE,1,0,3,1,4,0,0,1,0,0,NA,NA
"EE","R10","V19","ipstrgv",4,FALSE,0.878,0,4,0.878,4,0,0.122,0,0.878,0,NA,NA
"EE","R10","V20","ipsuces",3,FALSE,1,0,3,1,4,0,0,1,0,0,NA,NA
"EE","R10","V21","ipudrst",2,FALSE,0.823,0,2,0.823,4,0,0.823,0,0.177,0,NA,NA
"FI","R9","V1","impdiff",1,FALSE,1,0,1,1,4,1,0,0,0,NA,NA,NA
"FI","R9","V2","impenv",2,FALSE,1,0,2,1,4,0,1,0,0,NA,NA,NA
"FI","R9","V3","impfree",1,FALSE,1,0,1,1,4,1,0,0,0,NA,NA,NA
"FI","R9","V4","impfun",1,FALSE,1,0,1,1,4,1,0,0,0,NA,NA,NA
"FI","R9","V5","imprich",3,FALSE,0.981,0,3,0.981,4,0.019,0,0.981,0,NA,NA,NA
"FI","R9","V6","impsafe",4,FALSE,1,0,4,1,4,0,0,0,1,NA,NA,NA
"FI","R9","V7","imptrad",4,FALSE,0.995,0,4,0.995,4,0,0.005,0,0.995,NA,NA,NA
"FI","R9","V8","ipadvnt",1,FALSE,0.999,0,1,0.999,4,0.999,0,0.001,0,NA,NA,NA
"FI","R9","V9","ipbhprp",4,FALSE,1,0,4,1,4,0,0,0,1,NA,NA,NA
"FI","R9","V10","ipcrtiv",1,FALSE,0.993,0,1,0.993,4,0.993,0,0.007,0,NA,NA,NA
"FI","R9","V11","ipeqopt",2,FALSE,1,0,2,1,4,0,1,0,0,NA,NA,NA
"FI","R9","V12","ipfrule",4,FALSE,1,0,4,1,4,0,0,0,1,NA,NA,NA
"FI","R9","V13","ipgdtim",1,FALSE,1,0,1,1,4,1,0,0,0,NA,NA,NA
"FI","R9","V14","iphlppl",2,FALSE,1,0,2,1,4,0,1,0,0,NA,NA,NA
"FI","R9","V15","iplylfr",2,FALSE,1,0,2,1,4,0,1,0,0,NA,NA,NA
"FI","R9","V16","ipmodst",4,FALSE,1,0,4,1,4,0,0,0,1,NA,NA,NA
"FI","R9","V17","iprspot",3,FALSE,0.993,0,3,0.993,4,0.007,0,0.993,0,NA,NA,NA
"FI","R9","V18","ipshabt",3,FALSE,0.993,0,3,0.993,4,0.007,0,0.993,0,NA,NA,NA
"FI","R9","V19","ipstrgv",4,FALSE,1,0,4,1,4,0,0,0,1,NA,NA,NA
"FI","R9","V20","ipsuces",3,FALSE,0.993,0,3,0.993,4,0.007,0,0.993,0,NA,NA,NA
"FI","R9","V21","ipudrst",2,FALSE,1,0,2,1,4,0,1,0,0,NA,NA,NA
"FI","R10","V1","impdiff",1,FALSE,0.91,0,1,0.91,4,0.91,0.089,0,0,0.001,0,NA
"FI","R10","V2","impenv",2,FALSE,1,0,2,1,4,0,1,0,0,0,0,NA
"FI","R10","V3","impfree",1,FALSE,0.717,0,1,0.717,4,0.717,0.259,0,0.001,0.022,0.001,NA
"FI","R10","V4","impfun",1,FALSE,0.964,0,1,0.964,4,0.964,0,0.017,0,0.019,0,NA
"FI","R10","V5","imprich",3,FALSE,1,0,3,1,4,0,0,1,0,0,0,NA
"FI","R10","V6","impsafe",4,FALSE,0.997,0,4,0.997,4,0,0,0,0.997,0.001,0.002,NA
"FI","R10","V7","imptrad",4,FALSE,1,0,4,1,4,0,0,0,1,0,0,NA
"FI","R10","V8","ipadvnt",1,FALSE,0.966,0,1,0.966,4,0.966,0,0.017,0,0.017,0,NA
"FI","R10","V9","ipbhprp",4,FALSE,1,0,4,1,4,0,0,0,1,0,0,NA
"FI","R10","V10","ipcrtiv",1,FALSE,0.797,0,1,0.797,4,0.797,0.18,0,0,0.023,0,NA
"FI","R10","V11","ipeqopt",2,FALSE,1,0,2,1,4,0,1,0,0,0,0,NA
"FI","R10","V12","ipfrule",4,FALSE,1,0,4,1,4,0,0,0,1,0,0,NA
"FI","R10","V13","ipgdtim",1,FALSE,0.964,0,1,0.964,4,0.964,0,0.017,0,0.019,0,NA
"FI","R10","V14","iphlppl",2,FALSE,1,0,2,1,4,0,1,0,0,0,0,NA
"FI","R10","V15","iplylfr",2,FALSE,1,0,2,1,4,0,1,0,0,0,0,NA
"FI","R10","V16","ipmodst",4,FALSE,1,0,4,1,4,0,0,0,1,0,0,NA
"FI","R10","V17","iprspot",3,FALSE,1,0,3,1,4,0,0,1,0,0,0,NA
"FI","R10","V18","ipshabt",3,FALSE,1,0,3,1,4,0,0,1,0,0,0,NA
"FI","R10","V19","ipstrgv",4,FALSE,0.999,0,4,0.999,4,0,0,0,0.999,0,0.001,NA
"FI","R10","V20","ipsuces",3,FALSE,1,0,3,1,4,0,0,1,0,0,0,NA
"FI","R10","V21","ipudrst",2,FALSE,1,0,2,1,4,0,1,0,0,0,0,NA
"FR","R9","V1","impdiff",1,FALSE,0.999,0,1,0.999,4,0.999,0.001,0,0,NA,NA,NA
"FR","R9","V2","impenv",2,FALSE,1,0,2,1,4,0,1,0,0,NA,NA,NA
"FR","R9","V3","impfree",1,FALSE,0.829,0,1,0.829,4,0.829,0.171,0,0,NA,NA,NA
"FR","R9","V4","impfun",1,FALSE,0.999,0,1,0.999,4,0.999,0,0.001,0,NA,NA,NA
"FR","R9","V5","imprich",3,FALSE,0.903,0,3,0.903,4,0.014,0.002,0.903,0.081,NA,NA,NA
"FR","R9","V6","impsafe",4,FALSE,0.992,0,4,0.992,4,0,0.002,0.006,0.992,NA,NA,NA
"FR","R9","V7","imptrad",4,FALSE,0.979,0,4,0.979,4,0,0.021,0,0.979,NA,NA,NA
"FR","R9","V8","ipadvnt",1,FALSE,0.943,0,1,0.943,4,0.943,0,0.057,0,NA,NA,NA
"FR","R9","V9","ipbhprp",4,FALSE,0.994,0,4,0.994,4,0,0.006,0,0.994,NA,NA,NA
"FR","R9","V10","ipcrtiv",1,FALSE,0.827,0,1,0.827,4,0.827,0.173,0,0,NA,NA,NA
"FR","R9","V11","ipeqopt",2,FALSE,1,0,2,1,4,0,1,0,0,NA,NA,NA
"FR","R9","V12","ipfrule",4,FALSE,0.941,0,4,0.941,4,0,0,0.059,0.941,NA,NA,NA
"FR","R9","V13","ipgdtim",1,FALSE,0.999,0,1,0.999,4,0.999,0.001,0,0,NA,NA,NA
"FR","R9","V14","iphlppl",2,FALSE,1,0,2,1,4,0,1,0,0,NA,NA,NA
"FR","R9","V15","iplylfr",2,FALSE,1,0,2,1,4,0,1,0,0,NA,NA,NA
"FR","R9","V16","ipmodst",2,FALSE,0.501,0,2,0.501,4,0,0.501,0.007,0.492,NA,NA,NA
"FR","R9","V17","iprspot",4,FALSE,0.941,0,4,0.941,4,0,0,0.059,0.941,NA,NA,NA
"FR","R9","V18","ipshabt",3,FALSE,0.904,0,3,0.904,4,0.015,0,0.904,0.081,NA,NA,NA
"FR","R9","V19","ipstrgv",4,FALSE,0.979,0,4,0.979,4,0,0.021,0,0.979,NA,NA,NA
"FR","R9","V20","ipsuces",3,FALSE,0.904,0,3,0.904,4,0.015,0,0.904,0.081,NA,NA,NA
"FR","R9","V21","ipudrst",2,FALSE,1,0,2,1,4,0,1,0,0,NA,NA,NA
"FR","R10","V1","impdiff",1,FALSE,1,0,1,1,4,1,0,0,0,0,NA,NA
"FR","R10","V2","impenv",2,FALSE,0.999,0,2,0.999,4,0.001,0.999,0,0,0,NA,NA
"FR","R10","V3","impfree",1,FALSE,0.998,0,1,0.998,4,0.998,0.002,0,0,0,NA,NA
"FR","R10","V4","impfun",1,FALSE,1,0,1,1,4,1,0,0,0,0,NA,NA
"FR","R10","V5","imprich",3,FALSE,0.748,0,3,0.748,4,0.061,0,0.748,0.188,0.003,NA,NA
"FR","R10","V6","impsafe",4,FALSE,0.95,0,4,0.95,4,0,0,0.05,0.95,0,NA,NA
"FR","R10","V7","imptrad",4,FALSE,0.988,0,4,0.988,4,0,0.012,0,0.988,0,NA,NA
"FR","R10","V8","ipadvnt",1,FALSE,0.865,0,1,0.865,4,0.865,0,0.126,0.007,0.002,NA,NA
"FR","R10","V9","ipbhprp",4,FALSE,0.988,0,4,0.988,4,0,0.012,0,0.988,0,NA,NA
"FR","R10","V10","ipcrtiv",1,FALSE,1,0,1,1,4,1,0,0,0,0,NA,NA
"FR","R10","V11","ipeqopt",2,FALSE,0.999,0,2,0.999,4,0.001,0.999,0,0,0,NA,NA
"FR","R10","V12","ipfrule",4,FALSE,0.916,0,4,0.916,4,0,0,0.084,0.916,0,NA,NA
"FR","R10","V13","ipgdtim",1,FALSE,1,0,1,1,4,1,0,0,0,0,NA,NA
"FR","R10","V14","iphlppl",2,FALSE,0.999,0,2,0.999,4,0.001,0.999,0,0,0,NA,NA
"FR","R10","V15","iplylfr",2,FALSE,0.999,0,2,0.999,4,0.001,0.999,0,0,0,NA,NA
"FR","R10","V16","ipmodst",2,FALSE,0.858,0,2,0.858,4,0.001,0.858,0.002,0.138,0.001,NA,NA
"FR","R10","V17","iprspot",4,FALSE,0.915,0,4,0.915,4,0,0,0.085,0.915,0,NA,NA
"FR","R10","V18","ipshabt",3,FALSE,0.763,0,3,0.763,4,0.01,0,0.763,0.227,0,NA,NA
"FR","R10","V19","ipstrgv",4,FALSE,0.944,0,4,0.944,4,0,0.056,0,0.944,0,NA,NA
"FR","R10","V20","ipsuces",3,FALSE,0.763,0,3,0.763,4,0.01,0,0.763,0.227,0,NA,NA
"FR","R10","V21","ipudrst",2,FALSE,0.999,0,2,0.999,4,0.001,0.999,0,0,0,NA,NA
"GB","R9","V1","impdiff",1,FALSE,0.933,0,1,0.933,4,0.933,0.067,0,0,0,NA,NA
"GB","R9","V2","impenv",2,FALSE,1,0,2,1,4,0,1,0,0,0,NA,NA
"GB","R9","V3","impfree",1,FALSE,0.505,0,1,0.505,4,0.505,0.489,0,0,0.006,NA,NA
"GB","R9","V4","impfun",1,FALSE,0.935,0,1,0.935,4,0.935,0,0.042,0,0.023,NA,NA
"GB","R9","V5","imprich",3,FALSE,0.634,0,3,0.634,4,0.362,0,0.634,0,0.004,NA,NA
"GB","R9","V6","impsafe",4,FALSE,0.996,0,4,0.996,4,0,0.004,0,0.996,0,NA,NA
"GB","R9","V7","imptrad",4,FALSE,0.993,0,4,0.993,4,0,0.007,0,0.993,0,NA,NA
"GB","R9","V8","ipadvnt",1,FALSE,0.935,0,1,0.935,4,0.935,0,0.042,0,0.023,NA,NA
"GB","R9","V9","ipbhprp",4,FALSE,0.998,0,4,0.998,4,0,0.002,0,0.998,0,NA,NA
"GB","R9","V10","ipcrtiv",1,FALSE,0.538,0,1,0.538,4,0.538,0.456,0,0,0.006,NA,NA
"GB","R9","V11","ipeqopt",2,FALSE,1,0,2,1,4,0,1,0,0,0,NA,NA
"GB","R9","V12","ipfrule",4,FALSE,0.998,0,4,0.998,4,0,0.002,0,0.998,0,NA,NA
"GB","R9","V13","ipgdtim",1,FALSE,0.918,0,1,0.918,4,0.918,0,0.059,0,0.023,NA,NA
"GB","R9","V14","iphlppl",2,FALSE,1,0,2,1,4,0,1,0,0,0,NA,NA
"GB","R9","V15","iplylfr",2,FALSE,0.98,0,2,0.98,4,0,0.98,0,0.02,0,NA,NA
"GB","R9","V16","ipmodst",2,FALSE,0.951,0,2,0.951,4,0,0.951,0,0.049,0,NA,NA
"GB","R9","V17","iprspot",3,FALSE,0.537,0,3,0.537,4,0.041,0,0.537,0.422,0,NA,NA
"GB","R9","V18","ipshabt",3,FALSE,0.634,0,3,0.634,4,0.362,0,0.634,0,0.004,NA,NA
"GB","R9","V19","ipstrgv",4,FALSE,0.993,0,4,0.993,4,0,0.007,0,0.993,0,NA,NA
"GB","R9","V20","ipsuces",3,FALSE,0.634,0,3,0.634,4,0.362,0,0.634,0,0.004,NA,NA
"GB","R9","V21","ipudrst",2,FALSE,1,0,2,1,4,0,1,0,0,0,NA,NA
"GB","R10","V1","impdiff",1,FALSE,0.777,0,1,0.777,4,0.777,0,0.223,0,0,NA,NA
"GB","R10","V2","impenv",2,FALSE,0.995,0,2,0.995,4,0.001,0.995,0,0,0.004,NA,NA
"GB","R10","V3","impfree",1,FALSE,0.156,0,2,0.693,4,0.156,0.693,0,0.07,0.081,NA,NA
"GB","R10","V4","impfun",1,FALSE,0.776,0,1,0.776,4,0.776,0,0.224,0,0,NA,NA
"GB","R10","V5","imprich",3,FALSE,0.923,0,3,0.923,4,0.077,0,0.923,0,0,NA,NA
"GB","R10","V6","impsafe",4,FALSE,0.883,0,4,0.883,4,0.005,0.111,0,0.883,0.001,NA,NA
"GB","R10","V7","imptrad",4,FALSE,0.866,0,4,0.866,4,0,0.134,0,0.866,0,NA,NA
"GB","R10","V8","ipadvnt",1,FALSE,0.776,0,1,0.776,4,0.776,0,0.224,0,0,NA,NA
"GB","R10","V9","ipbhprp",4,FALSE,0.901,0,4,0.901,4,0,0.099,0,0.901,0,NA,NA
"GB","R10","V10","ipcrtiv",1,FALSE,0.578,0.003,1,0.578,4,0.578,0.285,0.029,0.024,0.081,NA,NA
"GB","R10","V11","ipeqopt",2,FALSE,1,0,2,1,4,0,1,0,0,0,NA,NA
"GB","R10","V12","ipfrule",4,FALSE,0.901,0,4,0.901,4,0,0.099,0,0.901,0,NA,NA
"GB","R10","V13","ipgdtim",3,FALSE,0.507,0,3,0.507,4,0.493,0,0.507,0,0,NA,NA
"GB","R10","V14","iphlppl",2,FALSE,1,0,2,1,4,0,1,0,0,0,NA,NA
"GB","R10","V15","iplylfr",2,FALSE,0.885,0,2,0.885,4,0,0.885,0,0.115,0,NA,NA
"GB","R10","V16","ipmodst",2,FALSE,0.759,0,2,0.759,4,0,0.759,0,0.241,0,NA,NA
"GB","R10","V17","iprspot",3,FALSE,0.796,0.02,3,0.796,4,0.022,0.011,0.796,0.151,0,NA,NA
"GB","R10","V18","ipshabt",3,FALSE,0.925,0,3,0.925,4,0.075,0,0.925,0,0,NA,NA
"GB","R10","V19","ipstrgv",4,FALSE,0.89,0,4,0.89,4,0,0.11,0,0.89,0,NA,NA
"GB","R10","V20","ipsuces",3,FALSE,0.925,0,3,0.925,4,0.075,0,0.925,0,0,NA,NA
"GB","R10","V21","ipudrst",2,FALSE,1,0,2,1,4,0,1,0,0,0,NA,NA
"HR","R9","V1","impdiff",1,FALSE,1,0,1,1,5,1,0,0,0,0,NA,NA
"HR","R9","V2","impenv",2,FALSE,1,0,2,1,5,0,1,0,0,0,NA,NA
"HR","R9","V3","impfree",3,FALSE,0.06,0.001,2,0.82,5,0.117,0.82,0.06,0,0,NA,NA
"HR","R9","V4","impfun",1,FALSE,1,0,1,1,5,1,0,0,0,0,NA,NA
"HR","R9","V5","imprich",4,FALSE,0.136,0,1,0.833,5,0.833,0.007,0,0.136,0.017,NA,NA
"HR","R9","V6","impsafe",3,FALSE,0.06,0,2,0.867,5,0.048,0.867,0.06,0,0.025,NA,NA
"HR","R9","V7","imptrad",5,FALSE,0.718,0,5,0.718,5,0,0.282,0,0,0.718,NA,NA
"HR","R9","V8","ipadvnt",1,FALSE,1,0,1,1,5,1,0,0,0,0,NA,NA
"HR","R9","V9","ipbhprp",5,FALSE,0.72,0,5,0.72,5,0,0.28,0,0,0.72,NA,NA
"HR","R9","V10","ipcrtiv",1,FALSE,0.998,0,1,0.998,5,0.998,0,0,0,0,NA,NA
"HR","R9","V11","ipeqopt",2,FALSE,1,0,2,1,5,0,1,0,0,0,NA,NA
"HR","R9","V12","ipfrule",5,FALSE,0.718,0,5,0.718,5,0.001,0.279,0,0.002,0.718,NA,NA
"HR","R9","V13","ipgdtim",1,FALSE,0.998,0,1,0.998,5,0.998,0,0,0,0,NA,NA
"HR","R9","V14","iphlppl",2,FALSE,0.996,0,2,0.996,5,0,0.996,0.004,0,0,NA,NA
"HR","R9","V15","iplylfr",2,FALSE,1,0,2,1,5,0,1,0,0,0,NA,NA
"HR","R9","V16","ipmodst",5,FALSE,0.72,0,5,0.72,5,0,0.28,0,0,0.72,NA,NA
"HR","R9","V17","iprspot",4,FALSE,0.136,0,1,0.825,5,0.825,0.009,0,0.136,0.023,NA,NA
"HR","R9","V18","ipshabt",1,FALSE,0.923,0,1,0.923,5,0.923,0,0,0.07,0,NA,NA
"HR","R9","V19","ipstrgv",2,FALSE,0.981,0,2,0.981,5,0,0.981,0,0,0.019,NA,NA
"HR","R9","V20","ipsuces",1,FALSE,0.993,0,1,0.993,5,0.993,0,0,0,0,NA,NA
"HR","R9","V21","ipudrst",2,FALSE,0.999,0,2,0.999,5,0,0.999,0,0,0.001,NA,NA
"HR","R10","V1","impdiff",1,FALSE,1,0,1,1,3,1,0,0,0,NA,NA,NA
"HR","R10","V2","impenv",2,FALSE,0.995,0,2,0.995,3,0,0.995,0.005,0,NA,NA,NA
"HR","R10","V3","impfree",2,FALSE,0.894,0.001,2,0.894,3,0.094,0.894,0.01,0.001,NA,NA,NA
"HR","R10","V4","impfun",1,FALSE,1,0,1,1,3,1,0,0,0,NA,NA,NA
"HR","R10","V5","imprich",3,FALSE,0.181,0,1,0.792,3,0.792,0,0.181,0.027,NA,NA,NA
"HR","R10","V6","impsafe",2,FALSE,0.853,0,2,0.853,3,0,0.853,0.118,0.029,NA,NA,NA
"HR","R10","V7","imptrad",2,FALSE,0.56,0,2,0.56,3,0,0.56,0.403,0.037,NA,NA,NA
"HR","R10","V8","ipadvnt",1,FALSE,1,0,1,1,3,1,0,0,0,NA,NA,NA
"HR","R10","V9","ipbhprp",2,FALSE,0.574,0,2,0.574,3,0,0.574,0.391,0.035,NA,NA,NA
"HR","R10","V10","ipcrtiv",1,FALSE,0.999,0,1,0.999,3,0.999,0,0,0.001,NA,NA,NA
"HR","R10","V11","ipeqopt",2,FALSE,1,0,2,1,3,0,1,0,0,NA,NA,NA
"HR","R10","V12","ipfrule",3,FALSE,0.543,0,3,0.543,3,0.183,0.259,0.543,0.015,NA,NA,NA
"HR","R10","V13","ipgdtim",1,FALSE,1,0,1,1,3,1,0,0,0,NA,NA,NA
"HR","R10","V14","iphlppl",2,FALSE,1,0,2,1,3,0,1,0,0,NA,NA,NA
"HR","R10","V15","iplylfr",2,FALSE,1,0,2,1,3,0,1,0,0,NA,NA,NA
"HR","R10","V16","ipmodst",2,FALSE,0.544,0,2,0.544,3,0.002,0.544,0.417,0.037,NA,NA,NA
"HR","R10","V17","iprspot",3,FALSE,0.354,0,1,0.611,3,0.611,0.009,0.354,0.026,NA,NA,NA
"HR","R10","V18","ipshabt",1,FALSE,0.944,0,1,0.944,3,0.944,0,0.029,0.027,NA,NA,NA
"HR","R10","V19","ipstrgv",2,FALSE,0.854,0,2,0.854,3,0,0.854,0.117,0.029,NA,NA,NA
"HR","R10","V20","ipsuces",1,FALSE,0.964,0,1,0.964,3,0.964,0,0.01,0.026,NA,NA,NA
"HR","R10","V21","ipudrst",2,FALSE,1,0,2,1,3,0,1,0,0,NA,NA,NA
"HU","R9","V1","impdiff",1,FALSE,1,0,1,1,2,1,0,0,0,NA,NA,NA
"HU","R9","V2","impenv",2,FALSE,1,0,2,1,2,0,1,0,0,NA,NA,NA
"HU","R9","V3","impfree",1,FALSE,0.687,0.004,1,0.687,2,0.687,0.028,0.275,0.006,NA,NA,NA
"HU","R9","V4","impfun",1,FALSE,0.955,0,1,0.955,2,0.955,0,0.04,0.005,NA,NA,NA
"HU","R9","V5","imprich",1,FALSE,1,0,1,1,2,1,0,0,0,NA,NA,NA
"HU","R9","V6","impsafe",2,FALSE,1,0,2,1,2,0,1,0,0,NA,NA,NA
"HU","R9","V7","imptrad",2,FALSE,0.988,0,2,0.988,2,0,0.988,0.012,0,NA,NA,NA
"HU","R9","V8","ipadvnt",1,FALSE,1,0,1,1,2,1,0,0,0,NA,NA,NA
"HU","R9","V9","ipbhprp",2,FALSE,0.991,0,2,0.991,2,0,0.991,0.009,0,NA,NA,NA
"HU","R9","V10","ipcrtiv",1,FALSE,1,0,1,1,2,1,0,0,0,NA,NA,NA
"HU","R9","V11","ipeqopt",2,FALSE,1,0,2,1,2,0,1,0,0,NA,NA,NA
"HU","R9","V12","ipfrule",1,FALSE,0.477,0,1,0.477,2,0.477,0.253,0.269,0.001,NA,NA,NA
"HU","R9","V13","ipgdtim",1,FALSE,1,0,1,1,2,1,0,0,0,NA,NA,NA
"HU","R9","V14","iphlppl",2,FALSE,0.991,0,2,0.991,2,0,0.991,0.009,0,NA,NA,NA
"HU","R9","V15","iplylfr",2,FALSE,1,0,2,1,2,0,1,0,0,NA,NA,NA
"HU","R9","V16","ipmodst",2,FALSE,0.99,0,2,0.99,2,0,0.99,0.01,0,NA,NA,NA
"HU","R9","V17","iprspot",1,FALSE,0.93,0.012,1,0.93,2,0.93,0,0.058,0,NA,NA,NA
"HU","R9","V18","ipshabt",1,FALSE,1,0,1,1,2,1,0,0,0,NA,NA,NA
"HU","R9","V19","ipstrgv",2,FALSE,1,0,2,1,2,0,1,0,0,NA,NA,NA
"HU","R9","V20","ipsuces",1,FALSE,1,0,1,1,2,1,0,0,0,NA,NA,NA
"HU","R9","V21","ipudrst",2,FALSE,0.991,0,2,0.991,2,0,0.991,0.009,0,NA,NA,NA
"HU","R10","V1","impdiff",1,FALSE,1,0,1,1,2,1,0,0,0,0,NA,NA
"HU","R10","V2","impenv",2,FALSE,0.909,0,2,0.909,2,0,0.909,0.091,0,0,NA,NA
"HU","R10","V3","impfree",1,FALSE,0.7,0,1,0.7,2,0.7,0.006,0.181,0.113,0,NA,NA
"HU","R10","V4","impfun",1,FALSE,0.71,0,1,0.71,2,0.71,0,0.177,0.113,0,NA,NA
"HU","R10","V5","imprich",1,FALSE,0.998,0,1,0.998,2,0.998,0,0.002,0,0,NA,NA
"HU","R10","V6","impsafe",2,FALSE,0.909,0,2,0.909,2,0,0.909,0.091,0,0,NA,NA
"HU","R10","V7","imptrad",2,FALSE,0.844,0.001,2,0.844,2,0.013,0.844,0.129,0.013,0,NA,NA
"HU","R10","V8","ipadvnt",1,FALSE,0.998,0,1,0.998,2,0.998,0,0.002,0,0,NA,NA
"HU","R10","V9","ipbhprp",2,FALSE,0.887,0,2,0.887,2,0,0.887,0.112,0.001,0,NA,NA
"HU","R10","V10","ipcrtiv",1,FALSE,1,0,1,1,2,1,0,0,0,0,NA,NA
"HU","R10","V11","ipeqopt",2,FALSE,0.905,0,2,0.905,2,0,0.905,0.094,0,0.001,NA,NA
"HU","R10","V12","ipfrule",2,FALSE,0.862,0,2,0.862,2,0,0.862,0.127,0.011,0,NA,NA
"HU","R10","V13","ipgdtim",1,FALSE,0.713,0,1,0.713,2,0.713,0,0.176,0.111,0,NA,NA
"HU","R10","V14","iphlppl",2,FALSE,0.977,0,2,0.977,2,0,0.977,0.022,0,0.001,NA,NA
"HU","R10","V15","iplylfr",2,FALSE,0.909,0,2,0.909,2,0,0.909,0.091,0,0,NA,NA
"HU","R10","V16","ipmodst",2,FALSE,0.876,0,2,0.876,2,0,0.876,0.119,0.005,0,NA,NA
"HU","R10","V17","iprspot",1,FALSE,0.993,0.001,1,0.993,2,0.993,0,0.005,0.001,0,NA,NA
"HU","R10","V18","ipshabt",1,FALSE,0.998,0,1,0.998,2,0.998,0,0.002,0,0,NA,NA
"HU","R10","V19","ipstrgv",2,FALSE,0.909,0,2,0.909,2,0,0.909,0.091,0,0,NA,NA
"HU","R10","V20","ipsuces",1,FALSE,0.998,0,1,0.998,2,0.998,0,0.002,0,0,NA,NA
"HU","R10","V21","ipudrst",2,FALSE,0.977,0,2,0.977,2,0,0.977,0.022,0,0.001,NA,NA
"IE","R9","V1","impdiff",1,FALSE,0.884,0,1,0.884,3,0.884,0,0,0.116,0,NA,NA
"IE","R9","V2","impenv",2,FALSE,1,0,2,1,3,0,1,0,0,0,NA,NA
"IE","R9","V3","impfree",2,FALSE,0.996,0,2,0.996,3,0,0.996,0,0.003,0.001,NA,NA
"IE","R9","V4","impfun",1,FALSE,0.884,0,1,0.884,3,0.884,0,0,0.116,0,NA,NA
"IE","R9","V5","imprich",1,FALSE,0.882,0,1,0.882,3,0.882,0,0,0.118,0,NA,NA
"IE","R9","V6","impsafe",3,FALSE,0.964,0,3,0.964,3,0,0.033,0.964,0.003,0,NA,NA
"IE","R9","V7","imptrad",3,FALSE,1,0,3,1,3,0,0,1,0,0,NA,NA
"IE","R9","V8","ipadvnt",1,FALSE,0.884,0,1,0.884,3,0.884,0,0,0.116,0,NA,NA
"IE","R9","V9","ipbhprp",3,FALSE,1,0,3,1,3,0,0,1,0,0,NA,NA
"IE","R9","V10","ipcrtiv",2,FALSE,0.75,0.004,2,0.75,3,0.128,0.75,0,0.117,0.001,NA,NA
"IE","R9","V11","ipeqopt",2,FALSE,1,0,2,1,3,0,1,0,0,0,NA,NA
"IE","R9","V12","ipfrule",3,FALSE,1,0,3,1,3,0,0,1,0,0,NA,NA
"IE","R9","V13","ipgdtim",1,FALSE,0.884,0,1,0.884,3,0.884,0,0,0.116,0,NA,NA
"IE","R9","V14","iphlppl",2,FALSE,1,0,2,1,3,0,1,0,0,0,NA,NA
"IE","R9","V15","iplylfr",2,FALSE,0.986,0,2,0.986,3,0,0.986,0.014,0,0,NA,NA
"IE","R9","V16","ipmodst",3,FALSE,0.909,0,3,0.909,3,0,0.091,0.909,0,0,NA,NA
"IE","R9","V17","iprspot",1,FALSE,0.34,0.003,3,0.534,3,0.34,0.001,0.534,0.122,0,NA,NA
"IE","R9","V18","ipshabt",1,FALSE,0.882,0,1,0.882,3,0.882,0,0,0.118,0,NA,NA
"IE","R9","V19","ipstrgv",3,FALSE,0.962,0,3,0.962,3,0,0.036,0.962,0.002,0,NA,NA
"IE","R9","V20","ipsuces",1,FALSE,0.882,0,1,0.882,3,0.882,0,0,0.118,0,NA,NA
"IE","R9","V21","ipudrst",2,FALSE,1,0,2,1,3,0,1,0,0,0,NA,NA
"IE","R10","V1","impdiff",1,FALSE,1,0,1,1,3,1,0,0,NA,NA,NA,NA
"IE","R10","V2","impenv",2,FALSE,1,0,2,1,3,0,1,0,NA,NA,NA,NA
"IE","R10","V3","impfree",2,FALSE,1,0,2,1,3,0,1,0,NA,NA,NA,NA
"IE","R10","V4","impfun",1,FALSE,1,0,1,1,3,1,0,0,NA,NA,NA,NA
"IE","R10","V5","imprich",1,FALSE,0.989,0,1,0.989,3,0.989,0,0.011,NA,NA,NA,NA
"IE","R10","V6","impsafe",2,FALSE,1,0,2,1,3,0,1,0,NA,NA,NA,NA
"IE","R10","V7","imptrad",3,FALSE,0.999,0,3,0.999,3,0,0.001,0.999,NA,NA,NA,NA
"IE","R10","V8","ipadvnt",1,FALSE,1,0,1,1,3,1,0,0,NA,NA,NA,NA
"IE","R10","V9","ipbhprp",3,FALSE,1,0,3,1,3,0,0,1,NA,NA,NA,NA
"IE","R10","V10","ipcrtiv",1,FALSE,0.993,0,1,0.993,3,0.993,0.007,0,NA,NA,NA,NA
"IE","R10","V11","ipeqopt",2,FALSE,1,0,2,1,3,0,1,0,NA,NA,NA,NA
"IE","R10","V12","ipfrule",3,FALSE,1,0,3,1,3,0,0,1,NA,NA,NA,NA
"IE","R10","V13","ipgdtim",1,FALSE,1,0,1,1,3,1,0,0,NA,NA,NA,NA
"IE","R10","V14","iphlppl",2,FALSE,1,0,2,1,3,0,1,0,NA,NA,NA,NA
"IE","R10","V15","iplylfr",2,FALSE,1,0,2,1,3,0,1,0,NA,NA,NA,NA
"IE","R10","V16","ipmodst",2,FALSE,0.942,0,2,0.942,3,0,0.942,0.058,NA,NA,NA,NA
"IE","R10","V17","iprspot",3,FALSE,0.961,0,3,0.961,3,0.039,0,0.961,NA,NA,NA,NA
"IE","R10","V18","ipshabt",1,FALSE,1,0,1,1,3,1,0,0,NA,NA,NA,NA
"IE","R10","V19","ipstrgv",2,FALSE,1,0,2,1,3,0,1,0,NA,NA,NA,NA
"IE","R10","V20","ipsuces",1,FALSE,1,0,1,1,3,1,0,0,NA,NA,NA,NA
"IE","R10","V21","ipudrst",2,FALSE,1,0,2,1,3,0,1,0,NA,NA,NA,NA
"IS","R9","V1","impdiff",1,FALSE,0.999,0,1,0.999,4,0.999,0.001,0,0,0,0,NA
"IS","R9","V2","impenv",2,FALSE,0.694,0,2,0.694,4,0.306,0.694,0,0,0,0,NA
"IS","R9","V3","impfree",1,FALSE,0.948,0,1,0.948,4,0.948,0.052,0,0,0,0,NA
"IS","R9","V4","impfun",3,FALSE,0.49,0.006,3,0.49,4,0.479,0,0.49,0.001,0.023,0.001,NA
"IS","R9","V5","imprich",3,FALSE,0.871,0.002,3,0.871,4,0.091,0.001,0.871,0.009,0.025,0.001,NA
"IS","R9","V6","impsafe",4,FALSE,0.999,0,4,0.999,4,0,0.001,0,0.999,0,0,NA
"IS","R9","V7","imptrad",4,FALSE,0.999,0,4,0.999,4,0,0,0,0.999,0.001,0,NA
"IS","R9","V8","ipadvnt",1,FALSE,0.999,0,1,0.999,4,0.999,0,0,0,0.001,0,NA
"IS","R9","V9","ipbhprp",4,FALSE,0.999,0,4,0.999,4,0,0,0,0.999,0.001,0,NA
"IS","R9","V10","ipcrtiv",1,FALSE,0.962,0,1,0.962,4,0.962,0.038,0,0,0,0,NA
"IS","R9","V11","ipeqopt",2,FALSE,0.88,0,2,0.88,4,0.12,0.88,0,0,0,0,NA
"IS","R9","V12","ipfrule",4,FALSE,0.999,0,4,0.999,4,0,0,0,0.999,0.001,0,NA
"IS","R9","V13","ipgdtim",1,FALSE,0.989,0,1,0.989,4,0.989,0.011,0,0,0,0,NA
"IS","R9","V14","iphlppl",2,FALSE,0.88,0,2,0.88,4,0.12,0.88,0,0,0,0,NA
"IS","R9","V15","iplylfr",2,FALSE,0.88,0,2,0.88,4,0.12,0.88,0,0,0,0,NA
"IS","R9","V16","ipmodst",4,FALSE,0.889,0.002,4,0.889,4,0.005,0.079,0.006,0.889,0.01,0.009,NA
"IS","R9","V17","iprspot",3,FALSE,0.973,0,3,0.973,4,0,0,0.973,0.027,0,0,NA
"IS","R9","V18","ipshabt",3,FALSE,0.999,0,3,0.999,4,0,0,0.999,0.001,0,0,NA
"IS","R9","V19","ipstrgv",4,FALSE,0.933,0.001,4,0.933,4,0.004,0.03,0.012,0.933,0.011,0.009,NA
"IS","R9","V20","ipsuces",3,FALSE,0.999,0,3,0.999,4,0,0,0.999,0.001,0,0,NA
"IS","R9","V21","ipudrst",2,FALSE,0.88,0,2,0.88,4,0.12,0.88,0,0,0,0,NA
"IS","R10","V1","impdiff",1,FALSE,1,0,1,1,4,1,0,0,0,0,NA,NA
"IS","R10","V2","impenv",2,FALSE,0.804,0.002,2,0.804,4,0.188,0.804,0,0.003,0.003,NA,NA
"IS","R10","V3","impfree",1,FALSE,0.95,0,1,0.95,4,0.95,0.047,0,0,0.003,NA,NA
"IS","R10","V4","impfun",1,FALSE,0.973,0,1,0.973,4,0.973,0,0.026,0,0.001,NA,NA
"IS","R10","V5","imprich",3,FALSE,0.949,0,3,0.949,4,0.051,0,0.949,0,0,NA,NA
"IS","R10","V6","impsafe",4,FALSE,1,0,4,1,4,0,0,0,1,0,NA,NA
"IS","R10","V7","imptrad",4,FALSE,1,0,4,1,4,0,0,0,1,0,NA,NA
"IS","R10","V8","ipadvnt",1,FALSE,1,0,1,1,4,1,0,0,0,0,NA,NA
"IS","R10","V9","ipbhprp",4,FALSE,1,0,4,1,4,0,0,0,1,0,NA,NA
"IS","R10","V10","ipcrtiv",1,FALSE,0.959,0,1,0.959,4,0.959,0.038,0,0,0.003,NA,NA
"IS","R10","V11","ipeqopt",2,FALSE,0.994,0,2,0.994,4,0.006,0.994,0,0,0,NA,NA
"IS","R10","V12","ipfrule",4,FALSE,0.999,0,4,0.999,4,0,0,0.001,0.999,0,NA,NA
"IS","R10","V13","ipgdtim",1,FALSE,0.964,0,1,0.964,4,0.964,0.035,0,0,0.001,NA,NA
"IS","R10","V14","iphlppl",2,FALSE,1,0,2,1,4,0,1,0,0,0,NA,NA
"IS","R10","V15","iplylfr",2,FALSE,1,0,2,1,4,0,1,0,0,0,NA,NA
"IS","R10","V16","ipmodst",4,FALSE,0.996,0,4,0.996,4,0.001,0.002,0.001,0.996,0,NA,NA
"IS","R10","V17","iprspot",3,FALSE,0.734,0,3,0.734,4,0,0,0.734,0.266,0,NA,NA
"IS","R10","V18","ipshabt",3,FALSE,0.991,0,3,0.991,4,0.005,0,0.991,0.004,0,NA,NA
"IS","R10","V19","ipstrgv",4,FALSE,1,0,4,1,4,0,0,0,1,0,NA,NA
"IS","R10","V20","ipsuces",3,FALSE,0.991,0,3,0.991,4,0.005,0,0.991,0.004,0,NA,NA
"IS","R10","V21","ipudrst",2,FALSE,1,0,2,1,4,0,1,0,0,0,NA,NA
"IT","R9","V1","impdiff",1,FALSE,1,0,1,1,3,1,0,0,0,NA,NA,NA
"IT","R9","V2","impenv",2,FALSE,1,0,2,1,3,0,1,0,0,NA,NA,NA
"IT","R9","V3","impfree",3,FALSE,0.331,0,1,0.669,3,0.669,0,0.331,0,NA,NA,NA
"IT","R9","V4","impfun",1,FALSE,1,0,1,1,3,1,0,0,0,NA,NA,NA
"IT","R9","V5","imprich",1,FALSE,0.929,0,1,0.929,3,0.929,0,0.071,0,NA,NA,NA
"IT","R9","V6","impsafe",2,FALSE,0.932,0,2,0.932,3,0,0.932,0,0.068,NA,NA,NA
"IT","R9","V7","imptrad",2,FALSE,0.933,0,2,0.933,3,0,0.933,0,0.067,NA,NA,NA
"IT","R9","V8","ipadvnt",1,FALSE,1,0,1,1,3,1,0,0,0,NA,NA,NA
"IT","R9","V9","ipbhprp",2,FALSE,0.931,0,2,0.931,3,0,0.931,0,0.069,NA,NA,NA
"IT","R9","V10","ipcrtiv",1,FALSE,0.98,0,1,0.98,3,0.98,0,0.02,0,NA,NA,NA
"IT","R9","V11","ipeqopt",2,FALSE,1,0,2,1,3,0,1,0,0,NA,NA,NA
"IT","R9","V12","ipfrule",2,FALSE,0.946,0,2,0.946,3,0,0.946,0,0.054,NA,NA,NA
"IT","R9","V13","ipgdtim",1,FALSE,1,0,1,1,3,1,0,0,0,NA,NA,NA
"IT","R9","V14","iphlppl",2,FALSE,1,0,2,1,3,0,1,0,0,NA,NA,NA
"IT","R9","V15","iplylfr",2,FALSE,1,0,2,1,3,0,1,0,0,NA,NA,NA
"IT","R9","V16","ipmodst",2,FALSE,1,0,2,1,3,0,1,0,0,NA,NA,NA
"IT","R9","V17","iprspot",3,FALSE,0.24,0,2,0.58,3,0.116,0.58,0.24,0.064,NA,NA,NA
"IT","R9","V18","ipshabt",3,FALSE,0.331,0,1,0.669,3,0.669,0,0.331,0,NA,NA,NA
"IT","R9","V19","ipstrgv",2,FALSE,0.932,0,2,0.932,3,0,0.932,0,0.068,NA,NA,NA
"IT","R9","V20","ipsuces",3,FALSE,0.331,0,1,0.669,3,0.669,0,0.331,0,NA,NA,NA
"IT","R9","V21","ipudrst",2,FALSE,0.999,0,2,0.999,3,0,0.999,0.001,0,NA,NA,NA
"IT","R10","V1","impdiff",1,FALSE,1,0,1,1,2,1,0,0,0,NA,NA,NA
"IT","R10","V2","impenv",2,FALSE,0.951,0,2,0.951,2,0,0.951,0.049,0,NA,NA,NA
"IT","R10","V3","impfree",1,FALSE,0.991,0,1,0.991,2,0.991,0,0,0.009,NA,NA,NA
"IT","R10","V4","impfun",1,FALSE,0.897,0,1,0.897,2,0.897,0,0.002,0.101,NA,NA,NA
"IT","R10","V5","imprich",1,FALSE,0.935,0,1,0.935,2,0.935,0,0.002,0.063,NA,NA,NA
"IT","R10","V6","impsafe",2,FALSE,0.934,0,2,0.934,2,0,0.934,0.066,0,NA,NA,NA
"IT","R10","V7","imptrad",2,FALSE,0.93,0,2,0.93,2,0,0.93,0.068,0.002,NA,NA,NA
"IT","R10","V8","ipadvnt",1,FALSE,0.897,0,1,0.897,2,0.897,0,0.002,0.101,NA,NA,NA
"IT","R10","V9","ipbhprp",2,FALSE,0.93,0,2,0.93,2,0,0.93,0.068,0.002,NA,NA,NA
"IT","R10","V10","ipcrtiv",1,FALSE,0.999,0,1,0.999,2,0.999,0,0,0.001,NA,NA,NA
"IT","R10","V11","ipeqopt",2,FALSE,0.951,0,2,0.951,2,0,0.951,0.049,0,NA,NA,NA
"IT","R10","V12","ipfrule",2,FALSE,0.93,0,2,0.93,2,0,0.93,0.068,0.002,NA,NA,NA
"IT","R10","V13","ipgdtim",1,FALSE,0.897,0,1,0.897,2,0.897,0,0.002,0.101,NA,NA,NA
"IT","R10","V14","iphlppl",2,FALSE,0.951,0,2,0.951,2,0,0.951,0.049,0,NA,NA,NA
"IT","R10","V15","iplylfr",2,FALSE,0.951,0,2,0.951,2,0,0.951,0.049,0,NA,NA,NA
"IT","R10","V16","ipmodst",2,FALSE,1,0,2,1,2,0,1,0,0,NA,NA,NA
"IT","R10","V17","iprspot",2,FALSE,0.93,0,2,0.93,2,0,0.93,0.068,0.002,NA,NA,NA
"IT","R10","V18","ipshabt",1,FALSE,0.991,0,1,0.991,2,0.991,0,0,0.009,NA,NA,NA
"IT","R10","V19","ipstrgv",2,FALSE,0.934,0,2,0.934,2,0,0.934,0.066,0,NA,NA,NA
"IT","R10","V20","ipsuces",1,FALSE,0.991,0,1,0.991,2,0.991,0,0,0.009,NA,NA,NA
"IT","R10","V21","ipudrst",2,FALSE,0.951,0,2,0.951,2,0,0.951,0.049,0,NA,NA,NA
"LT","R9","V1","impdiff",1,FALSE,0.904,0,1,0.904,2,0.904,0,0.009,0.087,0,0,NA
"LT","R9","V2","impenv",2,FALSE,0.786,0,2,0.786,2,0,0.786,0.206,0.008,0,0,NA
"LT","R9","V3","impfree",1,FALSE,0.319,0.001,3,0.33,2,0.319,0.204,0.33,0.127,0.019,0,NA
"LT","R9","V4","impfun",1,FALSE,0.901,0,1,0.901,2,0.901,0,0.009,0.09,0,0,NA
"LT","R9","V5","imprich",1,FALSE,0.963,0,1,0.963,2,0.963,0,0.019,0.018,0,0,NA
"LT","R9","V6","impsafe",2,FALSE,0.786,0,2,0.786,2,0,0.786,0.206,0.008,0,0,NA
"LT","R9","V7","imptrad",2,FALSE,0.786,0,2,0.786,2,0,0.786,0.206,0.008,0,0,NA
"LT","R9","V8","ipadvnt",1,FALSE,0.901,0,1,0.901,2,0.901,0,0.009,0.09,0,0,NA
"LT","R9","V9","ipbhprp",2,FALSE,0.898,0,2,0.898,2,0,0.898,0.102,0,0,0,NA
"LT","R9","V10","ipcrtiv",1,FALSE,0.963,0,1,0.963,2,0.963,0,0.019,0.018,0,0,NA
"LT","R9","V11","ipeqopt",2,FALSE,0.798,0,2,0.798,2,0,0.798,0.202,0,0,0,NA
"LT","R9","V12","ipfrule",2,FALSE,0.886,0,2,0.886,2,0,0.886,0.114,0,0,0,NA
"LT","R9","V13","ipgdtim",1,FALSE,0.901,0,1,0.901,2,0.901,0,0.009,0.09,0,0,NA
"LT","R9","V14","iphlppl",2,FALSE,0.838,0,2,0.838,2,0,0.838,0.151,0.001,0.006,0.004,NA
"LT","R9","V15","iplylfr",2,FALSE,0.84,0,2,0.84,2,0,0.84,0.149,0.001,0.006,0.004,NA
"LT","R9","V16","ipmodst",2,FALSE,0.646,0,2,0.646,2,0.001,0.646,0.352,0.001,0,0,NA
"LT","R9","V17","iprspot",2,FALSE,0.597,0,2,0.597,2,0.004,0.597,0.378,0.018,0.003,0,NA
"LT","R9","V18","ipshabt",1,FALSE,0.962,0,1,0.962,2,0.962,0,0.02,0.018,0,0,NA
"LT","R9","V19","ipstrgv",2,FALSE,0.786,0,2,0.786,2,0,0.786,0.206,0.008,0,0,NA
"LT","R9","V20","ipsuces",1,FALSE,0.329,0,3,0.335,2,0.329,0.189,0.335,0.133,0.014,0,NA
"LT","R9","V21","ipudrst",2,FALSE,0.665,0,2,0.665,2,0,0.665,0.334,0.001,0,0,NA
"LT","R10","V1","impdiff",1,FALSE,0.735,0,1,0.735,2,0.735,0,0.265,0,0,NA,NA
"LT","R10","V2","impenv",2,FALSE,1,0,2,1,2,0,1,0,0,0,NA,NA
"LT","R10","V3","impfree",1,FALSE,0.917,0.002,1,0.917,2,0.917,0,0.005,0.075,0.001,NA,NA
"LT","R10","V4","impfun",1,FALSE,0.733,0,1,0.733,2,0.733,0,0.263,0.004,0,NA,NA
"LT","R10","V5","imprich",1,FALSE,0.776,0,1,0.776,2,0.776,0,0.223,0.001,0,NA,NA
"LT","R10","V6","impsafe",2,FALSE,0.998,0,2,0.998,2,0,0.998,0,0.002,0,NA,NA
"LT","R10","V7","imptrad",2,FALSE,0.998,0,2,0.998,2,0,0.998,0,0.002,0,NA,NA
"LT","R10","V8","ipadvnt",1,FALSE,0.733,0,1,0.733,2,0.733,0,0.263,0.004,0,NA,NA
"LT","R10","V9","ipbhprp",2,FALSE,0.994,0,2,0.994,2,0,0.994,0,0.006,0,NA,NA
"LT","R10","V10","ipcrtiv",1,FALSE,0.885,0,1,0.885,2,0.885,0,0.039,0.075,0.001,NA,NA
"LT","R10","V11","ipeqopt",2,FALSE,0.998,0,2,0.998,2,0,0.998,0,0.002,0,NA,NA
"LT","R10","V12","ipfrule",2,FALSE,0.993,0,2,0.993,2,0,0.993,0,0.007,0,NA,NA
"LT","R10","V13","ipgdtim",1,FALSE,0.733,0,1,0.733,2,0.733,0,0.263,0.004,0,NA,NA
"LT","R10","V14","iphlppl",2,FALSE,0.998,0,2,0.998,2,0,0.998,0,0.002,0,NA,NA
"LT","R10","V15","iplylfr",2,FALSE,0.998,0,2,0.998,2,0,0.998,0,0.002,0,NA,NA
"LT","R10","V16","ipmodst",2,FALSE,0.995,0,2,0.995,2,0,0.995,0,0.005,0,NA,NA
"LT","R10","V17","iprspot",1,FALSE,0.607,0.002,1,0.607,2,0.607,0.162,0.222,0.007,0,NA,NA
"LT","R10","V18","ipshabt",1,FALSE,0.776,0,1,0.776,2,0.776,0,0.223,0.001,0,NA,NA
"LT","R10","V19","ipstrgv",2,FALSE,0.998,0,2,0.998,2,0,0.998,0,0.002,0,NA,NA
"LT","R10","V20","ipsuces",1,FALSE,0.776,0,1,0.776,2,0.776,0,0.223,0.001,0,NA,NA
"LT","R10","V21","ipudrst",2,FALSE,0.997,0,2,0.997,2,0,0.997,0,0.003,0,NA,NA
"ME","R9","V1","impdiff",1,FALSE,0.999,0,1,0.999,2,0.999,0,0.001,0,0,NA,NA
"ME","R9","V2","impenv",2,FALSE,0.911,0,2,0.911,2,0.001,0.911,0.068,0.02,0,NA,NA
"ME","R9","V3","impfree",1,FALSE,0.954,0.002,1,0.954,2,0.954,0.003,0.037,0.004,0,NA,NA
"ME","R9","V4","impfun",1,FALSE,0.996,0,1,0.996,2,0.996,0,0.001,0.001,0.002,NA,NA
"ME","R9","V5","imprich",1,FALSE,0.899,0,1,0.899,2,0.899,0.009,0.075,0.014,0.003,NA,NA
"ME","R9","V6","impsafe",2,FALSE,1,0,2,1,2,0,1,0,0,0,NA,NA
"ME","R9","V7","imptrad",2,FALSE,0.906,0,2,0.906,2,0.005,0.906,0.068,0.021,0,NA,NA
"ME","R9","V8","ipadvnt",1,FALSE,0.996,0,1,0.996,2,0.996,0,0.001,0.001,0.002,NA,NA
"ME","R9","V9","ipbhprp",2,FALSE,1,0,2,1,2,0,1,0,0,0,NA,NA
"ME","R9","V10","ipcrtiv",1,FALSE,0.998,0,1,0.998,2,0.998,0,0.001,0.001,0,NA,NA
"ME","R9","V11","ipeqopt",2,FALSE,1,0,2,1,2,0,1,0,0,0,NA,NA
"ME","R9","V12","ipfrule",2,FALSE,1,0,2,1,2,0,1,0,0,0,NA,NA
"ME","R9","V13","ipgdtim",1,FALSE,0.996,0,1,0.996,2,0.996,0,0.001,0.001,0.002,NA,NA
"ME","R9","V14","iphlppl",2,FALSE,1,0,2,1,2,0,1,0,0,0,NA,NA
"ME","R9","V15","iplylfr",2,FALSE,1,0,2,1,2,0,1,0,0,0,NA,NA
"ME","R9","V16","ipmodst",2,FALSE,0.911,0,2,0.911,2,0,0.911,0.068,0.021,0,NA,NA
"ME","R9","V17","iprspot",1,FALSE,0.82,0,1,0.82,2,0.82,0.088,0.074,0.015,0.003,NA,NA
"ME","R9","V18","ipshabt",1,FALSE,0.964,0,1,0.964,2,0.964,0,0.034,0.002,0,NA,NA
"ME","R9","V19","ipstrgv",2,FALSE,1,0,2,1,2,0,1,0,0,0,NA,NA
"ME","R9","V20","ipsuces",1,FALSE,0.966,0,1,0.966,2,0.966,0,0.032,0.002,0,NA,NA
"ME","R9","V21","ipudrst",2,FALSE,1,0,2,1,2,0,1,0,0,0,NA,NA
"ME","R10","V1","impdiff",1,FALSE,1,0,1,1,2,1,0,NA,NA,NA,NA,NA
"ME","R10","V2","impenv",2,FALSE,1,0,2,1,2,0,1,NA,NA,NA,NA,NA
"ME","R10","V3","impfree",1,FALSE,1,0,1,1,2,1,0,NA,NA,NA,NA,NA
"ME","R10","V4","impfun",1,FALSE,1,0,1,1,2,1,0,NA,NA,NA,NA,NA
"ME","R10","V5","imprich",1,FALSE,1,0,1,1,2,1,0,NA,NA,NA,NA,NA
"ME","R10","V6","impsafe",2,FALSE,1,0,2,1,2,0,1,NA,NA,NA,NA,NA
"ME","R10","V7","imptrad",2,FALSE,1,0,2,1,2,0,1,NA,NA,NA,NA,NA
"ME","R10","V8","ipadvnt",1,FALSE,1,0,1,1,2,1,0,NA,NA,NA,NA,NA
"ME","R10","V9","ipbhprp",2,FALSE,1,0,2,1,2,0,1,NA,NA,NA,NA,NA
"ME","R10","V10","ipcrtiv",1,FALSE,1,0,1,1,2,1,0,NA,NA,NA,NA,NA
"ME","R10","V11","ipeqopt",2,FALSE,1,0,2,1,2,0,1,NA,NA,NA,NA,NA
"ME","R10","V12","ipfrule",2,FALSE,0.957,0.001,2,0.957,2,0.042,0.957,NA,NA,NA,NA,NA
"ME","R10","V13","ipgdtim",1,FALSE,1,0,1,1,2,1,0,NA,NA,NA,NA,NA
"ME","R10","V14","iphlppl",2,FALSE,1,0,2,1,2,0,1,NA,NA,NA,NA,NA
"ME","R10","V15","iplylfr",2,FALSE,1,0,2,1,2,0,1,NA,NA,NA,NA,NA
"ME","R10","V16","ipmodst",2,FALSE,0.995,0,2,0.995,2,0.005,0.995,NA,NA,NA,NA,NA
"ME","R10","V17","iprspot",2,FALSE,1,0,2,1,2,0,1,NA,NA,NA,NA,NA
"ME","R10","V18","ipshabt",1,FALSE,1,0,1,1,2,1,0,NA,NA,NA,NA,NA
"ME","R10","V19","ipstrgv",2,FALSE,1,0,2,1,2,0,1,NA,NA,NA,NA,NA
"ME","R10","V20","ipsuces",1,FALSE,1,0,1,1,2,1,0,NA,NA,NA,NA,NA
"ME","R10","V21","ipudrst",2,FALSE,1,0,2,1,2,0,1,NA,NA,NA,NA,NA
"NL","R9","V1","impdiff",1,FALSE,0.65,0,1,0.65,4,0.65,0.35,0,0,0,NA,NA
"NL","R9","V2","impenv",2,FALSE,0.995,0,2,0.995,4,0.005,0.995,0,0,0,NA,NA
"NL","R9","V3","impfree",1,FALSE,0.644,0,1,0.644,4,0.644,0.356,0,0,0,NA,NA
"NL","R9","V4","impfun",1,FALSE,0.83,0,1,0.83,4,0.83,0.005,0.164,0,0.001,NA,NA
"NL","R9","V5","imprich",3,FALSE,0.813,0,3,0.813,4,0.187,0,0.813,0,0,NA,NA
"NL","R9","V6","impsafe",4,FALSE,0.999,0,4,0.999,4,0,0,0,0.999,0.001,NA,NA
"NL","R9","V7","imptrad",4,FALSE,1,0,4,1,4,0,0,0,1,0,NA,NA
"NL","R9","V8","ipadvnt",1,FALSE,0.828,0,1,0.828,4,0.828,0,0.171,0,0.001,NA,NA
"NL","R9","V9","ipbhprp",4,FALSE,1,0,4,1,4,0,0,0,1,0,NA,NA
"NL","R9","V10","ipcrtiv",1,FALSE,0.643,0,1,0.643,4,0.643,0.357,0,0,0,NA,NA
"NL","R9","V11","ipeqopt",2,FALSE,0.996,0,2,0.996,4,0.004,0.996,0,0,0,NA,NA
"NL","R9","V12","ipfrule",4,FALSE,1,0,4,1,4,0,0,0,1,0,NA,NA
"NL","R9","V13","ipgdtim",1,FALSE,0.817,0,1,0.817,4,0.817,0,0.182,0,0.001,NA,NA
"NL","R9","V14","iphlppl",2,FALSE,0.99,0,2,0.99,4,0.01,0.99,0,0,0,NA,NA
"NL","R9","V15","iplylfr",2,FALSE,0.979,0,2,0.979,4,0.021,0.979,0,0,0,NA,NA
"NL","R9","V16","ipmodst",4,FALSE,0.985,0,4,0.985,4,0.002,0.009,0.003,0.985,0.001,NA,NA
"NL","R9","V17","iprspot",3,FALSE,0.714,0,3,0.714,4,0.004,0,0.714,0.281,0.001,NA,NA
"NL","R9","V18","ipshabt",3,FALSE,0.857,0,3,0.857,4,0.143,0,0.857,0,0,NA,NA
"NL","R9","V19","ipstrgv",4,FALSE,1,0,4,1,4,0,0,0,1,0,NA,NA
"NL","R9","V20","ipsuces",3,FALSE,0.857,0,3,0.857,4,0.143,0,0.857,0,0,NA,NA
"NL","R9","V21","ipudrst",2,FALSE,0.996,0,2,0.996,4,0.004,0.996,0,0,0,NA,NA
"NL","R10","V1","impdiff",1,FALSE,0.991,0,1,0.991,4,0.991,0.008,0,0,NA,NA,NA
"NL","R10","V2","impenv",2,FALSE,1,0,2,1,4,0,1,0,0,NA,NA,NA
"NL","R10","V3","impfree",2,FALSE,0.988,0,2,0.988,4,0.011,0.988,0,0,NA,NA,NA
"NL","R10","V4","impfun",1,FALSE,0.994,0,1,0.994,4,0.994,0,0.006,0,NA,NA,NA
"NL","R10","V5","imprich",3,FALSE,0.625,0,3,0.625,4,0.375,0,0.625,0,NA,NA,NA
"NL","R10","V6","impsafe",4,FALSE,0.974,0,4,0.974,4,0.015,0,0.011,0.974,NA,NA,NA
"NL","R10","V7","imptrad",4,FALSE,1,0,4,1,4,0,0,0,1,NA,NA,NA
"NL","R10","V8","ipadvnt",1,FALSE,0.994,0,1,0.994,4,0.994,0,0.006,0,NA,NA,NA
"NL","R10","V9","ipbhprp",4,FALSE,1,0,4,1,4,0,0,0,1,NA,NA,NA
"NL","R10","V10","ipcrtiv",2,FALSE,0.974,0,2,0.974,4,0.025,0.974,0,0,NA,NA,NA
"NL","R10","V11","ipeqopt",2,FALSE,1,0,2,1,4,0,1,0,0,NA,NA,NA
"NL","R10","V12","ipfrule",4,FALSE,1,0,4,1,4,0,0,0,1,NA,NA,NA
"NL","R10","V13","ipgdtim",1,FALSE,0.992,0,1,0.992,4,0.992,0,0.008,0,NA,NA,NA
"NL","R10","V14","iphlppl",2,FALSE,1,0,2,1,4,0,1,0,0,NA,NA,NA
"NL","R10","V15","iplylfr",2,FALSE,1,0,2,1,4,0,1,0,0,NA,NA,NA
"NL","R10","V16","ipmodst",4,FALSE,0.904,0,4,0.904,4,0,0.096,0,0.904,NA,NA,NA
"NL","R10","V17","iprspot",3,FALSE,0.456,0,3,0.456,4,0.213,0,0.456,0.331,NA,NA,NA
"NL","R10","V18","ipshabt",3,FALSE,0.643,0,3,0.643,4,0.357,0,0.643,0,NA,NA,NA
"NL","R10","V19","ipstrgv",4,FALSE,1,0,4,1,4,0,0,0,1,NA,NA,NA
"NL","R10","V20","ipsuces",3,FALSE,0.643,0,3,0.643,4,0.357,0,0.643,0,NA,NA,NA
"NL","R10","V21","ipudrst",2,FALSE,1,0,2,1,4,0,1,0,0,NA,NA,NA
"NO","R9","V1","impdiff",1,FALSE,1,0,1,1,4,1,0,0,0,0,0,NA
"NO","R9","V2","impenv",2,FALSE,0.996,0,2,0.996,4,0.001,0.996,0,0.003,0,0,NA
"NO","R9","V3","impfree",1,FALSE,0.996,0,1,0.996,4,0.996,0.002,0,0,0.002,0,NA
"NO","R9","V4","impfun",1,FALSE,1,0,1,1,4,1,0,0,0,0,0,NA
"NO","R9","V5","imprich",3,FALSE,0.53,0.001,3,0.53,4,0.458,0.01,0.53,0.001,0,0,NA
"NO","R9","V6","impsafe",4,FALSE,0.994,0,4,0.994,4,0,0,0.005,0.994,0.001,0,NA
"NO","R9","V7","imptrad",4,FALSE,0.837,0.002,4,0.837,4,0.002,0.148,0.005,0.837,0.006,0,NA
"NO","R9","V8","ipadvnt",1,FALSE,1,0,1,1,4,1,0,0,0,0,0,NA
"NO","R9","V9","ipbhprp",4,FALSE,0.999,0,4,0.999,4,0,0,0,0.999,0.001,0,NA
"NO","R9","V10","ipcrtiv",1,FALSE,0.971,0,1,0.971,4,0.971,0.025,0,0,0.003,0.001,NA
"NO","R9","V11","ipeqopt",2,FALSE,0.997,0,2,0.997,4,0,0.997,0,0.003,0,0,NA
"NO","R9","V12","ipfrule",4,FALSE,0.999,0,4,0.999,4,0,0,0,0.999,0.001,0,NA
"NO","R9","V13","ipgdtim",1,FALSE,1,0,1,1,4,1,0,0,0,0,0,NA
"NO","R9","V14","iphlppl",2,FALSE,0.994,0,2,0.994,4,0,0.994,0,0.006,0,0,NA
"NO","R9","V15","iplylfr",2,FALSE,0.769,0,2,0.769,4,0.002,0.769,0.001,0.219,0.008,0.001,NA
"NO","R9","V16","ipmodst",4,FALSE,0.999,0,4,0.999,4,0,0,0,0.999,0.001,0,NA
"NO","R9","V17","iprspot",3,FALSE,0.845,0,3,0.845,4,0,0,0.845,0.154,0.001,0,NA
"NO","R9","V18","ipshabt",3,FALSE,0.958,0,3,0.958,4,0,0,0.958,0.042,0,0,NA
"NO","R9","V19","ipstrgv",4,FALSE,0.961,0,4,0.961,4,0,0.035,0.002,0.961,0.002,0,NA
"NO","R9","V20","ipsuces",3,FALSE,0.958,0,3,0.958,4,0,0,0.958,0.042,0,0,NA
"NO","R9","V21","ipudrst",2,FALSE,0.997,0,2,0.997,4,0,0.997,0,0.003,0,0,NA
"NO","R10","V1","impdiff",1,FALSE,0.986,0,1,0.986,4,0.986,0.014,0,0,0,0,NA
"NO","R10","V2","impenv",2,FALSE,0.993,0,2,0.993,4,0.003,0.993,0,0,0.004,0,NA
"NO","R10","V3","impfree",1,FALSE,0.658,0,1,0.658,4,0.658,0.3,0.004,0.003,0.035,0,NA
"NO","R10","V4","impfun",1,FALSE,1,0,1,1,4,1,0,0,0,0,0,NA
"NO","R10","V5","imprich",3,FALSE,0.723,0,3,0.723,4,0.255,0.009,0.723,0,0.013,0,NA
"NO","R10","V6","impsafe",4,FALSE,0.999,0,4,0.999,4,0,0,0,0.999,0,0.001,NA
"NO","R10","V7","imptrad",4,FALSE,0.917,0.001,4,0.917,4,0.014,0.065,0,0.917,0.002,0.001,NA
"NO","R10","V8","ipadvnt",1,FALSE,1,0,1,1,4,1,0,0,0,0,0,NA
"NO","R10","V9","ipbhprp",4,FALSE,0.999,0,4,0.999,4,0,0,0,0.999,0.001,0,NA
"NO","R10","V10","ipcrtiv",1,FALSE,0.672,0,1,0.672,4,0.672,0.286,0.004,0.003,0.035,0,NA
"NO","R10","V11","ipeqopt",2,FALSE,1,0,2,1,4,0,1,0,0,0,0,NA
"NO","R10","V12","ipfrule",4,FALSE,0.999,0,4,0.999,4,0,0,0,0.999,0.001,0,NA
"NO","R10","V13","ipgdtim",1,FALSE,1,0,1,1,4,1,0,0,0,0,0,NA
"NO","R10","V14","iphlppl",2,FALSE,1,0,2,1,4,0,1,0,0,0,0,NA
"NO","R10","V15","iplylfr",2,FALSE,0.998,0,2,0.998,4,0,0.998,0,0.002,0,0,NA
"NO","R10","V16","ipmodst",4,FALSE,0.999,0,4,0.999,4,0,0,0,0.999,0.001,0,NA
"NO","R10","V17","iprspot",3,FALSE,0.998,0,3,0.998,4,0,0,0.998,0.002,0,0,NA
"NO","R10","V18","ipshabt",3,FALSE,1,0,3,1,4,0,0,1,0,0,0,NA
"NO","R10","V19","ipstrgv",4,FALSE,0.997,0,4,0.997,4,0,0.003,0,0.997,0,0,NA
"NO","R10","V20","ipsuces",3,FALSE,1,0,3,1,4,0,0,1,0,0,0,NA
"NO","R10","V21","ipudrst",2,FALSE,1,0,2,1,4,0,1,0,0,0,0,NA
"PT","R9","V1","impdiff",1,FALSE,0.996,0,1,0.996,4,0.996,0,0,0,0.002,0.002,NA
"PT","R9","V2","impenv",2,FALSE,0.982,0,2,0.982,4,0,0.982,0,0,0.018,0,NA
"PT","R9","V3","impfree",1,FALSE,0.516,0,1,0.516,4,0.516,0.463,0,0.001,0.02,0,NA
"PT","R9","V4","impfun",1,FALSE,0.996,0,1,0.996,4,0.996,0,0,0,0.002,0.002,NA
"PT","R9","V5","imprich",3,FALSE,0.397,0,1,0.591,4,0.591,0,0.397,0.002,0.007,0.003,NA
"PT","R9","V6","impsafe",2,FALSE,0.522,0,2,0.522,4,0.004,0.522,0.021,0.433,0.02,0,NA
"PT","R9","V7","imptrad",4,FALSE,1,0,4,1,4,0,0,0,1,0,0,NA
"PT","R9","V8","ipadvnt",1,FALSE,0.994,0,1,0.994,4,0.994,0,0.001,0,0.002,0.003,NA
"PT","R9","V9","ipbhprp",4,FALSE,1,0,4,1,4,0,0,0,1,0,0,NA
"PT","R9","V10","ipcrtiv",1,FALSE,0.99,0,1,0.99,4,0.99,0.009,0,0,0.001,0,NA
"PT","R9","V11","ipeqopt",2,FALSE,0.982,0,2,0.982,4,0,0.982,0,0,0.018,0,NA
"PT","R9","V12","ipfrule",4,FALSE,1,0,4,1,4,0,0,0,1,0,0,NA
"PT","R9","V13","ipgdtim",1,FALSE,0.985,0,1,0.985,4,0.985,0.013,0,0,0.002,0,NA
"PT","R9","V14","iphlppl",2,FALSE,0.982,0,2,0.982,4,0,0.982,0,0,0.018,0,NA
"PT","R9","V15","iplylfr",2,FALSE,0.982,0,2,0.982,4,0,0.982,0,0,0.018,0,NA
"PT","R9","V16","ipmodst",2,FALSE,0.591,0,2,0.591,4,0,0.591,0.002,0.388,0.019,0,NA
"PT","R9","V17","iprspot",4,FALSE,0.968,0.002,4,0.968,4,0,0.001,0.026,0.968,0.003,0,NA
"PT","R9","V18","ipshabt",3,FALSE,0.421,0,1,0.569,4,0.569,0,0.421,0.002,0.006,0.002,NA
"PT","R9","V19","ipstrgv",2,FALSE,0.64,0,2,0.64,4,0,0.64,0,0.342,0.018,0,NA
"PT","R9","V20","ipsuces",3,FALSE,0.421,0,1,0.569,4,0.569,0,0.421,0.002,0.006,0.002,NA
"PT","R9","V21","ipudrst",2,FALSE,0.976,0,2,0.976,4,0.006,0.976,0,0,0.018,0,NA
"PT","R10","V1","impdiff",1,FALSE,1,0,1,1,4,1,0,0,0,0,NA,NA
"PT","R10","V2","impenv",2,FALSE,1,0,2,1,4,0,1,0,0,0,NA,NA
"PT","R10","V3","impfree",2,FALSE,0.739,0,2,0.739,4,0.261,0.739,0,0,0,NA,NA
"PT","R10","V4","impfun",1,FALSE,1,0,1,1,4,1,0,0,0,0,NA,NA
"PT","R10","V5","imprich",1,FALSE,0.995,0,1,0.995,4,0.995,0.003,0,0,0.002,NA,NA
"PT","R10","V6","impsafe",3,FALSE,0.36,0,2,0.64,4,0,0.64,0.36,0,0,NA,NA
"PT","R10","V7","imptrad",4,FALSE,0.948,0,4,0.948,4,0,0.002,0.05,0.948,0,NA,NA
"PT","R10","V8","ipadvnt",1,FALSE,1,0,1,1,4,1,0,0,0,0,NA,NA
"PT","R10","V9","ipbhprp",4,FALSE,0.948,0,4,0.948,4,0,0.002,0.05,0.948,0,NA,NA
"PT","R10","V10","ipcrtiv",1,FALSE,1,0,1,1,4,1,0,0,0,0,NA,NA
"PT","R10","V11","ipeqopt",2,FALSE,1,0,2,1,4,0,1,0,0,0,NA,NA
"PT","R10","V12","ipfrule",4,FALSE,0.948,0,4,0.948,4,0,0.002,0.05,0.948,0,NA,NA
"PT","R10","V13","ipgdtim",1,FALSE,0.994,0,1,0.994,4,0.994,0.006,0,0,0,NA,NA
"PT","R10","V14","iphlppl",2,FALSE,1,0,2,1,4,0,1,0,0,0,NA,NA
"PT","R10","V15","iplylfr",2,FALSE,1,0,2,1,4,0,1,0,0,0,NA,NA
"PT","R10","V16","ipmodst",3,FALSE,0.361,0,2,0.626,4,0,0.626,0.361,0.013,0,NA,NA
"PT","R10","V17","iprspot",NA,TRUE,NA,0.256,3,0.585,4,0.018,0.14,0.585,0.001,0,NA,NA
"PT","R10","V18","ipshabt",1,FALSE,1,0,1,1,4,1,0,0,0,0,NA,NA
"PT","R10","V19","ipstrgv",3,FALSE,0.36,0,2,0.637,4,0,0.637,0.36,0.003,0,NA,NA
"PT","R10","V20","ipsuces",1,FALSE,1,0,1,1,4,1,0,0,0,0,NA,NA
"PT","R10","V21","ipudrst",2,FALSE,1,0,2,1,4,0,1,0,0,0,NA,NA
"SI","R9","V1","impdiff",1,FALSE,0.997,0,1,0.997,4,0.997,0,0.001,0,0.001,0.001,0
"SI","R9","V2","impenv",2,FALSE,0.83,0,2,0.83,4,0,0.83,0.138,0,0.032,0,0
"SI","R9","V3","impfree",3,FALSE,0.509,0.008,3,0.509,4,0.231,0.134,0.509,0.028,0.087,0.003,0
"SI","R9","V4","impfun",1,FALSE,1,0,1,1,4,1,0,0,0,0,0,0
"SI","R9","V5","imprich",4,FALSE,0.483,0,4,0.483,4,0.347,0.008,0.144,0.483,0.016,0.002,0
"SI","R9","V6","impsafe",2,FALSE,0.978,0,2,0.978,4,0.001,0.978,0.008,0.002,0.01,0.001,0
"SI","R9","V7","imptrad",2,FALSE,0.999,0,2,0.999,4,0,0.999,0,0,0.001,0,0
"SI","R9","V8","ipadvnt",1,FALSE,1,0,1,1,4,1,0,0,0,0,0,0
"SI","R9","V9","ipbhprp",2,FALSE,0.999,0,2,0.999,4,0,0.999,0,0,0.001,0,0
"SI","R9","V10","ipcrtiv",3,FALSE,0.35,0.011,1,0.493,4,0.493,0.011,0.35,0.056,0.073,0.006,0
"SI","R9","V11","ipeqopt",3,FALSE,0.536,0,3,0.536,4,0.013,0.377,0.536,0.034,0.039,0.001,0
"SI","R9","V12","ipfrule",2,FALSE,0.68,0,2,0.68,4,0.006,0.68,0.25,0.013,0.038,0.012,0.001
"SI","R9","V13","ipgdtim",1,FALSE,0.999,0,1,0.999,4,0.999,0,0,0.001,0,0,0
"SI","R9","V14","iphlppl",3,FALSE,0.512,0,3,0.512,4,0,0.439,0.512,0.007,0.041,0.001,0
"SI","R9","V15","iplylfr",3,FALSE,0.545,0,3,0.545,4,0.001,0.419,0.545,0.001,0.033,0.001,0
"SI","R9","V16","ipmodst",2,FALSE,0.883,0,2,0.883,4,0,0.883,0.089,0,0.028,0,0
"SI","R9","V17","iprspot",2,FALSE,0.613,0.004,2,0.613,4,0.001,0.613,0.156,0.188,0.023,0.014,0.001
"SI","R9","V18","ipshabt",4,FALSE,0.557,0,4,0.557,4,0.349,0.003,0.087,0.557,0.001,0.003,0
"SI","R9","V19","ipstrgv",2,FALSE,0.998,0,2,0.998,4,0,0.998,0,0,0.002,0,0
"SI","R9","V20","ipsuces",4,FALSE,0.561,0,4,0.561,4,0.35,0.002,0.087,0.561,0,0,0
"SI","R9","V21","ipudrst",3,FALSE,0.627,0,3,0.627,4,0.082,0.259,0.627,0.004,0.025,0.003,0
"SI","R10","V1","impdiff",1,FALSE,1,0,1,1,3,1,0,0,0,0,0,NA
"SI","R10","V2","impenv",2,FALSE,0.893,0,2,0.893,3,0,0.893,0,0.106,0.001,0,NA
"SI","R10","V3","impfree",2,FALSE,0.445,0.02,2,0.445,3,0.312,0.445,0.032,0.139,0.052,0,NA
"SI","R10","V4","impfun",1,FALSE,1,0,1,1,3,1,0,0,0,0,0,NA
"SI","R10","V5","imprich",3,FALSE,0.915,0,3,0.915,3,0.083,0.002,0.915,0,0,0,NA
"SI","R10","V6","impsafe",2,FALSE,0.794,0.003,2,0.794,3,0.003,0.794,0.041,0.156,0.002,0.001,NA
"SI","R10","V7","imptrad",2,FALSE,0.847,0,2,0.847,3,0,0.847,0,0.153,0,0,NA
"SI","R10","V8","ipadvnt",1,FALSE,1,0,1,1,3,1,0,0,0,0,0,NA
"SI","R10","V9","ipbhprp",2,FALSE,0.846,0,2,0.846,3,0,0.846,0,0.154,0,0,NA
"SI","R10","V10","ipcrtiv",1,FALSE,0.934,0.002,1,0.934,3,0.934,0.001,0.018,0.031,0.014,0,NA
"SI","R10","V11","ipeqopt",2,FALSE,0.884,0,2,0.884,3,0,0.884,0.002,0.113,0.001,0,NA
"SI","R10","V12","ipfrule",2,FALSE,0.801,0,2,0.801,3,0.005,0.801,0.044,0.139,0.01,0.001,NA
"SI","R10","V13","ipgdtim",1,FALSE,0.943,0,1,0.943,3,0.943,0,0.017,0.025,0.015,0,NA
"SI","R10","V14","iphlppl",2,FALSE,0.851,0,2,0.851,3,0,0.851,0.005,0.139,0.005,0,NA
"SI","R10","V15","iplylfr",2,FALSE,0.764,0.009,2,0.764,3,0.007,0.764,0.074,0.119,0.027,0,NA
"SI","R10","V16","ipmodst",2,FALSE,0.858,0,2,0.858,3,0,0.858,0.001,0.141,0,0,NA
"SI","R10","V17","iprspot",3,FALSE,0.901,0,3,0.901,3,0.062,0.027,0.901,0.008,0.002,0,NA
"SI","R10","V18","ipshabt",3,FALSE,0.916,0,3,0.916,3,0.082,0.002,0.916,0,0,0,NA
"SI","R10","V19","ipstrgv",2,FALSE,0.846,0,2,0.846,3,0,0.846,0,0.154,0,0,NA
"SI","R10","V20","ipsuces",3,FALSE,0.916,0,3,0.916,3,0.083,0.001,0.916,0,0,0,NA
"SI","R10","V21","ipudrst",2,FALSE,0.88,0,2,0.88,3,0,0.88,0.002,0.118,0,0,NA
"SK","R9","V1","impdiff",1,FALSE,1,0,1,1,2,1,0,NA,NA,NA,NA,NA
"SK","R9","V2","impenv",2,FALSE,1,0,2,1,2,0,1,NA,NA,NA,NA,NA
"SK","R9","V3","impfree",1,FALSE,0.308,0.123,2,0.569,2,0.308,0.569,NA,NA,NA,NA,NA
"SK","R9","V4","impfun",1,FALSE,1,0,1,1,2,1,0,NA,NA,NA,NA,NA
"SK","R9","V5","imprich",1,FALSE,1,0,1,1,2,1,0,NA,NA,NA,NA,NA
"SK","R9","V6","impsafe",2,FALSE,1,0,2,1,2,0,1,NA,NA,NA,NA,NA
"SK","R9","V7","imptrad",2,FALSE,1,0,2,1,2,0,1,NA,NA,NA,NA,NA
"SK","R9","V8","ipadvnt",1,FALSE,1,0,1,1,2,1,0,NA,NA,NA,NA,NA
"SK","R9","V9","ipbhprp",2,FALSE,1,0,2,1,2,0,1,NA,NA,NA,NA,NA
"SK","R9","V10","ipcrtiv",1,FALSE,1,0,1,1,2,1,0,NA,NA,NA,NA,NA
"SK","R9","V11","ipeqopt",2,FALSE,1,0,2,1,2,0,1,NA,NA,NA,NA,NA
"SK","R9","V12","ipfrule",2,FALSE,1,0,2,1,2,0,1,NA,NA,NA,NA,NA
"SK","R9","V13","ipgdtim",1,FALSE,1,0,1,1,2,1,0,NA,NA,NA,NA,NA
"SK","R9","V14","iphlppl",2,FALSE,1,0,2,1,2,0,1,NA,NA,NA,NA,NA
"SK","R9","V15","iplylfr",2,FALSE,1,0,2,1,2,0,1,NA,NA,NA,NA,NA
"SK","R9","V16","ipmodst",2,FALSE,0.986,0.002,2,0.986,2,0.012,0.986,NA,NA,NA,NA,NA
"SK","R9","V17","iprspot",1,FALSE,1,0,1,1,2,1,0,NA,NA,NA,NA,NA
"SK","R9","V18","ipshabt",1,FALSE,1,0,1,1,2,1,0,NA,NA,NA,NA,NA
"SK","R9","V19","ipstrgv",2,FALSE,1,0,2,1,2,0,1,NA,NA,NA,NA,NA
"SK","R9","V20","ipsuces",1,FALSE,1,0,1,1,2,1,0,NA,NA,NA,NA,NA
"SK","R9","V21","ipudrst",2,FALSE,1,0,2,1,2,0,1,NA,NA,NA,NA,NA
"SK","R10","V1","impdiff",1,FALSE,1,0,1,1,2,1,0,0,0,NA,NA,NA
"SK","R10","V2","impenv",2,FALSE,0.995,0,2,0.995,2,0,0.995,0.005,0,NA,NA,NA
"SK","R10","V3","impfree",2,FALSE,0.609,0.159,2,0.609,2,0.19,0.609,0.042,0,NA,NA,NA
"SK","R10","V4","impfun",1,FALSE,1,0,1,1,2,1,0,0,0,NA,NA,NA
"SK","R10","V5","imprich",1,FALSE,1,0,1,1,2,1,0,0,0,NA,NA,NA
"SK","R10","V6","impsafe",2,FALSE,0.994,0,2,0.994,2,0,0.994,0.006,0,NA,NA,NA
"SK","R10","V7","imptrad",2,FALSE,0.926,0,2,0.926,2,0,0.926,0.073,0.001,NA,NA,NA
"SK","R10","V8","ipadvnt",1,FALSE,1,0,1,1,2,1,0,0,0,NA,NA,NA
"SK","R10","V9","ipbhprp",2,FALSE,0.886,0,2,0.886,2,0,0.886,0.114,0,NA,NA,NA
"SK","R10","V10","ipcrtiv",1,FALSE,0.957,0,1,0.957,2,0.957,0.007,0.036,0,NA,NA,NA
"SK","R10","V11","ipeqopt",2,FALSE,0.994,0,2,0.994,2,0,0.994,0.006,0,NA,NA,NA
"SK","R10","V12","ipfrule",2,FALSE,0.886,0,2,0.886,2,0,0.886,0.114,0,NA,NA,NA
"SK","R10","V13","ipgdtim",1,FALSE,1,0,1,1,2,1,0,0,0,NA,NA,NA
"SK","R10","V14","iphlppl",2,FALSE,0.994,0,2,0.994,2,0,0.994,0.006,0,NA,NA,NA
"SK","R10","V15","iplylfr",2,FALSE,1,0,2,1,2,0,1,0,0,NA,NA,NA
"SK","R10","V16","ipmodst",2,FALSE,0.882,0.001,2,0.882,2,0,0.882,0.116,0.001,NA,NA,NA
"SK","R10","V17","iprspot",1,FALSE,1,0,1,1,2,1,0,0,0,NA,NA,NA
"SK","R10","V18","ipshabt",1,FALSE,1,0,1,1,2,1,0,0,0,NA,NA,NA
"SK","R10","V19","ipstrgv",2,FALSE,0.994,0,2,0.994,2,0,0.994,0.006,0,NA,NA,NA
"SK","R10","V20","ipsuces",1,FALSE,1,0,1,1,2,1,0,0,0,NA,NA,NA
"SK","R10","V21","ipudrst",2,FALSE,0.887,0,2,0.887,2,0,0.887,0.113,0,NA,NA,NA
