"node1","node2","item1","item2","median_delta","mean_delta","mean_abs_delta","min_delta","max_delta","n_positive_change","n_negative_change","n_no_change"
"V1","V2","impdiff","impenv",0,0.0034239088294546,0.011214897787191,-0.0400507779409092,0.057712897841486,3,3,14
"V1","V3","impdiff","impfree",0,-0.0021509374853275,0.0123106913064611,-0.0461406985109394,0.0387373061177977,4,5,11
"V2","V3","impenv","impfree",0,-0.00110230377305521,0.0283621173276405,-0.0710968663934957,0.0735415248660795,6,8,6
"V1","V4","impdiff","impfun",-0.0132892972373484,-0.00929080170796796,0.0298046591640124,-0.0712309289155981,0.0631346932293492,8,12,0
"V2","V4","impenv","impfun",0,0.0026483924193398,0.0026483924193398,0,0.052967848386796,1,0,19
"V3","V4","impfree","impfun",0,0.000176858614058104,0.0138492029298657,-0.070437824735589,0.0899781986175663,3,5,12
"V1","V5","impdiff","imprich",0,-0.00786518538222711,0.00854635359640536,-0.0879545864559941,0.00681168214178247,1,3,16
"V2","V5","impenv","imprich",0,-0.00218748795686714,0.0273813898565753,-0.0901196655469259,0.0691780603319884,6,7,7
"V3","V5","impfree","imprich",0,0,0,0,0,0,0,20
"V4","V5","impfun","imprich",0,0.00743108945593178,0.019789912872383,-0.0607820814343413,0.0990621545594136,4,3,13
"V1","V6","impdiff","impsafe",0,0.00240406114486887,0.0061795988392306,-0.0377553769436173,0.0595188990110656,2,1,17
"V2","V6","impenv","impsafe",0,-0.0127499559466719,0.0242634046906884,-0.146784747273055,0.0457291485288348,4,6,10
"V3","V6","impfree","impsafe",0,0.00558898347376644,0.0229324791320985,-0.0603217657351935,0.148863731587861,5,5,10
"V4","V6","impfun","impsafe",0,0,0,0,0,0,0,20
"V5","V6","imprich","impsafe",0,-0.00190877831539522,0.00675106696406454,-0.0552418327829596,0.0484228864866932,1,2,17
"V1","V7","impdiff","imptrad",0,0,0,0,0,0,0,20
"V2","V7","impenv","imptrad",-0.0222895129671045,-0.0271403775628886,0.0327488849643697,-0.155379576070609,0.0290144843106872,3,13,4
"V3","V7","impfree","imptrad",0,0.00860857736886836,0.00860857736886836,0,0.0647660493269369,3,0,17
"V4","V7","impfun","imptrad",0,0.00316735772375839,0.0181229706956963,-0.078854059420426,0.0681814071935243,5,4,11
"V5","V7","imprich","imptrad",0,2.83467186392349e-05,0.00242335958346847,-0.0239501286482923,0.024517063021077,1,1,18
"V6","V7","impsafe","imptrad",-0.00376245055120891,-0.00840760590456812,0.0352569581668837,-0.114441604015392,0.100733207581239,7,10,3
"V1","V8","impdiff","ipadvnt",-0.010698686452948,-0.00472296364515672,0.028743451465035,-0.0753764738191505,0.0634180639498826,9,11,0
"V2","V8","impenv","ipadvnt",0,-0.00167906708220125,0.00549243615455397,-0.0717150323675523,0.0381336907235272,1,1,18
"V3","V8","impfree","ipadvnt",0,-0.0086076095534909,0.0235001802768543,-0.0750493446046762,0.0783997008020919,3,8,9
"V4","V8","impfun","ipadvnt",-0.00548959115244228,-0.00616579913364484,0.0270124108066776,-0.0694306966811762,0.0727154311145344,9,11,0
"V5","V8","imprich","ipadvnt",-0.00825895486163575,-0.00754870790321161,0.0381398969321877,-0.0875770798012162,0.0631472867234257,9,11,0
"V6","V8","impsafe","ipadvnt",0.00459345820888835,-0.00412137440363745,0.0392623140342749,-0.131862214208477,0.104014316568865,11,8,1
"V7","V8","imptrad","ipadvnt",0,-0.00342365308961345,0.0156099681984943,-0.0808794183671689,0.0486382619102362,3,4,13
"V1","V9","impdiff","ipbhprp",0,-0.000813913860715695,0.00473248472517913,-0.0554639858589483,0.0391857086446344,1,1,18
"V2","V9","impenv","ipbhprp",0,0.00239274275579731,0.0249493927295791,-0.0689124581862108,0.11331852051591,5,7,8
"V3","V9","impfree","ipbhprp",0,0,0,0,0,0,0,20
"V4","V9","impfun","ipbhprp",0,0,0,0,0,0,0,20
"V5","V9","imprich","ipbhprp",0,0,0,0,0,0,0,20
"V6","V9","impsafe","ipbhprp",-0.0176228137232641,-0.0307156537576,0.0412810464534433,-0.154581853995497,0.0366937639663454,7,13,0
"V7","V9","imptrad","ipbhprp",0.00869626823881121,0.00295425703083202,0.0327427699333007,-0.0590865973779966,0.0670690522809339,12,8,0
"V8","V9","ipadvnt","ipbhprp",0,0.00838729910380968,0.0103189372230963,-0.0193163811928662,0.0682651545624923,4,1,15
"V1","V10","impdiff","ipcrtiv",-0.013206489890947,-0.0142772205090447,0.0308399123417545,-0.0957466653238059,0.0420447996402142,7,13,0
"V2","V10","impenv","ipcrtiv",0,-0.00108671043992844,0.035586373645296,-0.0722444251258615,0.0913224903040305,7,9,4
"V3","V10","impfree","ipcrtiv",0.000327059654273161,-0.00148232836976707,0.0383010806505254,-0.0878058130396577,0.113337302450694,10,9,1
"V4","V10","impfun","ipcrtiv",0,0.000939727900600719,0.0171022208716808,-0.0749960074961132,0.0648473239952928,5,4,11
"V5","V10","imprich","ipcrtiv",-0.0113584944449331,-0.0057349707879773,0.0385392903161798,-0.100448968607677,0.118653870734322,4,10,6
"V6","V10","impsafe","ipcrtiv",0,-0.00168405364015056,0.00168405364015056,-0.0336810728030111,0,0,1,19
"V7","V10","imptrad","ipcrtiv",0,-0.000496015403865137,0.00274766184067657,-0.0324367724454171,0.0225164643681144,1,1,18
"V8","V10","ipadvnt","ipcrtiv",0,-0.00206473552974279,0.03106062541463,-0.0956439061858088,0.07399932683705,9,7,4
"V9","V10","ipbhprp","ipcrtiv",0,0.00216041710497298,0.00216041710497298,0,0.0432083420994596,1,0,19
"V1","V11","impdiff","ipeqopt",0,-0.000411195584444456,0.00518710854621682,-0.0372439605596659,0.0477591296177236,1,2,17
"V2","V11","impenv","ipeqopt",0.0219016293437345,0.0299875795820653,0.0340874113577855,-0.0357714016710185,0.0773495422168495,17,2,1
"V3","V11","impfree","ipeqopt",0.0204895711653259,0.021145503662168,0.0330967124222688,-0.0520523837208279,0.0808072990723143,13,5,2
"V4","V11","impfun","ipeqopt",0,0,0,0,0,0,0,20
"V5","V11","imprich","ipeqopt",0,0.0032775574172037,0.0129891449846779,-0.0542383588342795,0.102118317410515,2,2,16
"V6","V11","impsafe","ipeqopt",0,0.0217265949478818,0.0287094637433213,-0.0522634737975677,0.0959674939180508,9,2,9
"V7","V11","imptrad","ipeqopt",0,-0.005266584970519,0.0100368572441201,-0.0968424774231784,0.0257027198156061,2,2,16
"V8","V11","ipadvnt","ipeqopt",0,0,0,0,0,0,0,20
"V9","V11","ipbhprp","ipeqopt",0,-0.00266906434136434,0.016369730636458,-0.0613653561288733,0.0505010921291912,3,4,13
"V10","V11","ipcrtiv","ipeqopt",0,0.0111051154276805,0.0254314405166866,-0.053794477975396,0.0881703090658617,9,5,6
"V1","V12","impdiff","ipfrule",0,-0.000849734443301124,0.00936185069206741,-0.0510907992075169,0.0319561815421875,3,2,15
"V2","V12","impenv","ipfrule",0,-0.00192641626418025,0.00192641626418025,-0.038528325283605,0,0,1,19
"V3","V12","impfree","ipfrule",0,0.0112160341444131,0.0152432106615942,-0.0402717651718115,0.104895281674411,4,1,15
"V4","V12","impfun","ipfrule",0,-0.00163313437867607,0.00163313437867607,-0.0326626875735214,0,0,1,19
"V5","V12","imprich","ipfrule",0,-0.000604584338783869,0.00825887353649859,-0.0475198437541495,0.0440111059638434,2,2,16
"V6","V12","impsafe","ipfrule",0.00196521489154653,0.0070111713394033,0.0308954280266073,-0.0830371601256362,0.0652315302702589,10,5,5
"V7","V12","imptrad","ipfrule",0,-0.00100121687584962,0.0222466611947,-0.0627095561025017,0.0655980487475663,8,9,3
"V8","V12","ipadvnt","ipfrule",0,0.00591209008646126,0.0089619996714859,-0.0268370306742451,0.0874395860667217,4,2,14
"V9","V12","ipbhprp","ipfrule",0.0128390680862656,0.0194322663320487,0.0444173547334459,-0.0680056411157906,0.113072064873549,11,8,1
"V10","V12","ipcrtiv","ipfrule",0,-0.00282822957633637,0.00282822957633637,-0.0565645915267274,0,0,1,19
"V11","V12","ipeqopt","ipfrule",0,-0.000360577940396093,0.00206171587598677,-0.0242229381638287,0.0170113793559068,1,1,18
"V1","V13","impdiff","ipgdtim",-0.0259075317476879,-0.0102216742356038,0.0388717291456664,-0.0869649490966669,0.0796953924308151,8,12,0
"V2","V13","impenv","ipgdtim",0,0.00472600167198728,0.00731599187366521,-0.0258999020167793,0.0853123160340399,2,1,17
"V3","V13","impfree","ipgdtim",-0.000842826290495438,-0.0108118229182033,0.0339853436670773,-0.0973520764548518,0.0515302299209696,10,10,0
"V4","V13","impfun","ipgdtim",0.0371031721464436,0.0266217530805428,0.0562850734124418,-0.0749213191935979,0.151221144769199,12,8,0
"V5","V13","imprich","ipgdtim",-0.0236876123265333,-0.0126476935190787,0.027760843337969,-0.0591901517060889,0.0809766692381247,4,13,3
"V6","V13","impsafe","ipgdtim",0,-0.001983540136876,0.0149657964669086,-0.0572842380099221,0.0458623770492287,4,5,11
"V7","V13","imptrad","ipgdtim",0,0.00406056951150306,0.00719524579372813,-0.0313467628222507,0.0636999039565457,2,1,17
"V8","V13","ipadvnt","ipgdtim",0,0.00719421163174585,0.022008792863985,-0.0398881860096004,0.081218941942276,8,8,4
"V9","V13","ipbhprp","ipgdtim",0,0.00142626297422242,0.00142626297422242,0,0.0285252594844484,1,0,19
"V10","V13","ipcrtiv","ipgdtim",0,0.00284267206976853,0.0121784087608016,-0.0412558279680823,0.0580925543579048,3,3,14
"V11","V13","ipeqopt","ipgdtim",0,0.00361187079335182,0.00361187079335182,0,0.0466832725108444,2,0,18
"V12","V13","ipfrule","ipgdtim",0,-0.00931618483573146,0.00931618483573146,-0.0825126947039994,0,0,3,17
"V1","V14","impdiff","iphlppl",0,0.00495769554613152,0.0247457654042947,-0.0885164547563452,0.0716858908884078,7,4,9
"V2","V14","impenv","iphlppl",0.0126913245076509,0.00832158531440818,0.0345443517796765,-0.101481143555929,0.0661287149175023,13,7,0
"V3","V14","impfree","iphlppl",0,0.000447407291341679,0.028082291740376,-0.0801615486697327,0.0512239495231579,8,8,4
"V4","V14","impfun","iphlppl",0,0.000525960461271154,0.00772522648954549,-0.030639250802792,0.0818362623701531,2,3,15
"V5","V14","imprich","iphlppl",0,0.0185653466549892,0.0321004793025335,-0.0948332031589357,0.125653510007151,6,2,12
"V6","V14","impsafe","iphlppl",0,-0.00510358912862761,0.0162217309425668,-0.0651537465298258,0.055157637812974,3,7,10
"V7","V14","imptrad","iphlppl",-0.00215920694595589,-0.00962747899263553,0.0393553281416518,-0.129193082307906,0.0705112656426848,7,10,3
"V8","V14","ipadvnt","iphlppl",0,0,0,0,0,0,0,20
"V9","V14","ipbhprp","iphlppl",0,0.000437726435753789,0.0180069124959786,-0.0615185358472349,0.0518264905434456,8,5,7
"V10","V14","ipcrtiv","iphlppl",0,-0.003800289991507,0.0179717941237012,-0.0676246314200265,0.0508073828175685,4,6,10
"V11","V14","ipeqopt","iphlppl",0.0041196151197251,-0.00598185271194686,0.0351689002205585,-0.0918291442975941,0.0721593852036267,11,9,0
"V12","V14","ipfrule","iphlppl",0,-0.00179408378481248,0.003814489247883,-0.0336119996921119,0.0202040546307052,1,2,17
"V13","V14","ipgdtim","iphlppl",0,0.00528849118894203,0.00528849118894203,0,0.051198401936206,4,0,16
"V1","V15","impdiff","iplylfr",0,-0.00603075150423863,0.00872046745871635,-0.0577164232047542,0.0268971595447772,1,3,16
"V2","V15","impenv","iplylfr",-0.014123289503732,-0.0238113024367776,0.055055811843845,-0.155507123350282,0.131362683989679,6,12,2
"V3","V15","impfree","iplylfr",0.005424080318392,0.017506335587127,0.0216947883868671,-0.024608282668104,0.112880837352471,11,2,7
"V4","V15","impfun","iplylfr",0,-0.00167212233055615,0.0180542897814047,-0.0684650355895216,0.040403543387304,6,7,7
"V5","V15","imprich","iplylfr",0,-0.00308049655985091,0.00585680510346584,-0.0485687653605829,0.0277630854361493,1,2,17
"V6","V15","impsafe","iplylfr",0,0.0048297669512217,0.0226688548749901,-0.0570635726500947,0.102942155809928,4,6,10
"V7","V15","imptrad","iplylfr",0,0.00911688997235192,0.0397461517027566,-0.0970588023035611,0.167905747306616,8,6,6
"V8","V15","ipadvnt","iplylfr",0,0.00473169434363062,0.00473169434363062,0,0.0946338868726124,1,0,19
"V9","V15","ipbhprp","iplylfr",0,0.0024364177305429,0.0267094722939558,-0.0719493187107389,0.0815620537289206,6,8,6
"V10","V15","ipcrtiv","iplylfr",0,0.00196423027509257,0.00374109828657356,-0.01776868011481,0.0323373291468221,2,1,17
"V11","V15","ipeqopt","iplylfr",0.0030278437465764,0.00388167131162223,0.0321813829843765,-0.0611755521482494,0.0951875853080761,11,7,2
"V12","V15","ipfrule","iplylfr",0,-0.00119065222380966,0.00525029398986135,-0.0644094621367101,0.0405964176605169,1,1,18
"V13","V15","ipgdtim","iplylfr",0,0.000915128357803,0.0187051991526586,-0.0520495643436561,0.0766949074841235,4,5,11
"V14","V15","iphlppl","iplylfr",0.00693134841588595,-0.00125505686314867,0.0469980171161364,-0.116086513051287,0.0981872152332489,10,10,0
"V1","V16","impdiff","ipmodst",0,0.0019014101130018,0.0019014101130018,0,0.0380282022600361,1,0,19
"V2","V16","impenv","ipmodst",0,0.00268964305761575,0.0159809134960915,-0.105845915127599,0.0800080635278392,5,3,12
"V3","V16","impfree","ipmodst",0,-0.00228155276358931,0.0055656030733415,-0.0394554885572303,0.0328405030975219,1,2,17
"V4","V16","impfun","ipmodst",0,0,0,0,0,0,0,20
"V5","V16","imprich","ipmodst",0.00677375125216838,0.00981514715123153,0.0264911361078273,-0.0584365899469271,0.062750975817144,11,5,4
"V6","V16","impsafe","ipmodst",-0.00457708508941333,-0.0098088654634403,0.0337327491261021,-0.0945314217076078,0.0733479660158233,8,11,1
"V7","V16","imptrad","ipmodst",0,0.0080239001442576,0.0343280546229266,-0.104164836434812,0.130746669528081,9,6,5
"V8","V16","ipadvnt","ipmodst",0,-0.00422435499946073,0.0173406012895567,-0.0624413934046216,0.0500431914418338,3,7,10
"V9","V16","ipbhprp","ipmodst",-0.015939847459555,-0.00817170878667948,0.0350355466931023,-0.0893629475055213,0.0787341010005083,8,12,0
"V10","V16","ipcrtiv","ipmodst",0,-0.000745350776119106,0.00354646102544046,-0.0429181180155957,0.0280111024932136,1,1,18
"V11","V16","ipeqopt","ipmodst",0,-0.00752513515815286,0.0152821271491951,-0.064456844407337,0.041287216929619,4,7,9
"V12","V16","ipfrule","ipmodst",0,0.00859857784679957,0.0347198505423044,-0.110434883376869,0.130984094748465,8,8,4
"V13","V16","ipgdtim","ipmodst",0,-0.00259111004772224,0.00540634985251272,-0.0459700906962953,0.0281523980479048,1,2,17
"V14","V16","iphlppl","ipmodst",-0.0102501244866091,-0.00795498608253218,0.0239982010188527,-0.0628901229060523,0.0533784658524154,5,14,1
"V15","V16","iplylfr","ipmodst",0,0.0031143454159164,0.0150543772651191,-0.0557534756712951,0.114330448783777,3,4,13
"V1","V17","impdiff","iprspot",0,0.00808253602798323,0.00808253602798323,0,0.0605469251674722,3,0,17
"V2","V17","impenv","iprspot",0,0.00304304536678654,0.00646573159087696,-0.0342268622409042,0.095087769576635,1,1,18
"V3","V17","impfree","iprspot",0,0.00156448141965525,0.0129940756575544,-0.0896984714316145,0.0457922147007574,5,2,13
"V4","V17","impfun","iprspot",0,-0.00142020437149127,0.00357244624168371,-0.0499265061317498,0.0215224187019244,1,1,18
"V5","V17","imprich","iprspot",-0.0147790938638167,-0.0044454085501978,0.0465938746469833,-0.0720161724026477,0.132190924267999,8,12,0
"V6","V17","impsafe","iprspot",0,-0.0145787945101324,0.0163667852531902,-0.065395409977161,0.00795382229511621,3,7,10
"V7","V17","imptrad","iprspot",0.0114408049060542,0.0137544792616356,0.0280426642917707,-0.0966848892642246,0.0734446286000095,11,3,6
"V8","V17","ipadvnt","iprspot",0,-0.00243371124664846,0.0282831787445362,-0.0939567169859603,0.0746682483923438,5,5,10
"V9","V17","ipbhprp","iprspot",-0.0239510227942969,-0.020605559019286,0.0441381155264047,-0.105085686816518,0.0931280814464068,7,13,0
"V10","V17","ipcrtiv","iprspot",0,0.00552757700418987,0.00552757700418987,0,0.0831784799805321,2,0,18
"V11","V17","ipeqopt","iprspot",0,-0.000799835895258618,0.00813011192509005,-0.0892994782034867,0.0384709912581273,2,1,17
"V12","V17","ipfrule","iprspot",0.0145977027641576,0.0231055116882478,0.0303813795168165,-0.0346959878168675,0.104264253616019,11,5,4
"V13","V17","ipgdtim","iprspot",0,-0.00269712325083247,0.0151150378962956,-0.0542288008169286,0.0540785876591756,5,4,11
"V14","V17","iphlppl","iprspot",0,0.00335077886096321,0.00335077886096321,0,0.0670155772192642,1,0,19
"V15","V17","iplylfr","iprspot",0,0.000616147899746727,0.0180882624580871,-0.0497705968755833,0.0854098575744136,6,7,7
"V16","V17","ipmodst","iprspot",0,0.00414947819868772,0.00414947819868772,0,0.0445710257699703,2,0,18
"V1","V18","impdiff","ipshabt",0.0141582943466477,0.0147870883568889,0.019774180348205,-0.0498709199131608,0.0874443997069475,12,1,7
"V2","V18","impenv","ipshabt",0,0,0,0,0,0,0,20
"V3","V18","impfree","ipshabt",0,0.000960719213320171,0.00443897628682138,-0.0347825707350121,0.0539969550014155,1,1,18
"V4","V18","impfun","ipshabt",0,0.00327107696498608,0.00992944002031436,-0.023260430134073,0.059928924769592,3,4,13
"V5","V18","imprich","ipshabt",0.0258197534269568,0.0273231319081611,0.0340538426263224,-0.0471214630823601,0.0876910217227018,17,2,1
"V6","V18","impsafe","ipshabt",0,-0.0127541372706781,0.0293111306362531,-0.0937306712241476,0.0536941886252219,5,9,6
"V7","V18","imptrad","ipshabt",0,0,0,0,0,0,0,20
"V8","V18","ipadvnt","ipshabt",0,-0.00521630172578779,0.0146066038278954,-0.0857530195605325,0.087349697112134,2,5,13
"V9","V18","ipbhprp","ipshabt",0,0.00251653838765494,0.00251653838765494,0,0.0503307677530988,1,0,19
"V10","V18","ipcrtiv","ipshabt",0,0.00385423589606197,0.0377685143950346,-0.0824972590685355,0.113552638567278,7,9,4
"V11","V18","ipeqopt","ipshabt",0,0.00724122945088874,0.0233661501944348,-0.139503031892858,0.0865542204993053,7,2,11
"V12","V18","ipfrule","ipshabt",0,0.000717049158145767,0.000717049158145767,0,0.0143409831629153,1,0,19
"V13","V18","ipgdtim","ipshabt",0,0.00137830270414714,0.0336222046676591,-0.0875711529175229,0.0815531946382217,7,5,8
"V14","V18","iphlppl","ipshabt",0,-0.00157576253840722,0.00157576253840722,-0.0315152507681444,0,0,1,19
"V15","V18","iplylfr","ipshabt",0,-0.000758337873729315,0.00196650705762798,-0.0272484493135729,0.0120816918389866,1,1,18
"V16","V18","ipmodst","ipshabt",0,-0.00767411593917917,0.00952265875924252,-0.0583558875778574,0.0184854282006335,1,4,15
"V17","V18","iprspot","ipshabt",-0.00274600466702861,-0.00677923705936898,0.0406388657292308,-0.163848850735921,0.0741796444525677,9,10,1
"V1","V19","impdiff","ipstrgv",0,0,0,0,0,0,0,20
"V2","V19","impenv","ipstrgv",0.00153180930497485,0.00601835757335845,0.030256551179216,-0.0920393447415431,0.0924058788789312,10,8,2
"V3","V19","impfree","ipstrgv",0,0.0019997168749108,0.0181112511090836,-0.0631840787840942,0.0435539111298581,9,4,7
"V4","V19","impfun","ipstrgv",0,0.00558361318142545,0.00586563256573324,-0.00282019384307787,0.0619901840937969,3,1,16
"V5","V19","imprich","ipstrgv",0,0.00246926031305289,0.00246926031305289,0,0.0493852062610578,1,0,19
"V6","V19","impsafe","ipstrgv",0.00331773514019022,0.00779936888130075,0.0366414188452049,-0.0804611021029201,0.112460499115299,11,9,0
"V7","V19","imptrad","ipstrgv",-0.0153401012820687,-0.0108313188991832,0.0375181098482036,-0.0805982177375204,0.113279844855944,6,12,2
"V8","V19","ipadvnt","ipstrgv",0,0.00149790531684742,0.00149790531684742,0,0.0299581063369484,1,0,19
"V9","V19","ipbhprp","ipstrgv",0.0144106360045726,0.0136684279592224,0.0464915480791548,-0.0874270840942857,0.181445914331368,13,7,0
"V10","V19","ipcrtiv","ipstrgv",0,0,0,0,0,0,0,20
"V11","V19","ipeqopt","ipstrgv",0,0.00372391588729046,0.0313377547048392,-0.0590237891718268,0.0866838866330338,8,7,5
"V12","V19","ipfrule","ipstrgv",-0.00364092971929683,-0.00764273336911962,0.0370382145932619,-0.0893385751454716,0.11081818337285,5,10,5
"V13","V19","ipgdtim","ipstrgv",0,-0.00784082864646223,0.00784082864646223,-0.0542812663458021,0,0,4,16
"V14","V19","iphlppl","ipstrgv",0.00500656268920872,0.012787438622607,0.0344945404137233,-0.0734084278040649,0.111247815152808,10,5,5
"V15","V19","iplylfr","ipstrgv",0,-0.0068559851011608,0.0236557876624382,-0.100903051967752,0.0498245856069261,8,8,4
"V16","V19","ipmodst","ipstrgv",0,0.0100773046313041,0.0209707291341796,-0.0574455763453051,0.0941922498668178,8,3,9
"V17","V19","iprspot","ipstrgv",0,0.011668670707008,0.0237372255726904,-0.0604401530718891,0.133234238206137,6,3,11
"V18","V19","ipshabt","ipstrgv",0,0,0,0,0,0,0,20
"V1","V20","impdiff","ipsuces",0,-0.00444707827061603,0.0286345520392799,-0.10778275286348,0.0737833504763612,8,8,4
"V2","V20","impenv","ipsuces",0,-0.00291876258966061,0.00765647386731254,-0.0893352792992106,0.0248377379950788,2,2,16
"V3","V20","impfree","ipsuces",-0.00873050580225072,-0.0159728730821341,0.0250299659446974,-0.0864915382741206,0.0585531553563886,2,10,8
"V4","V20","impfun","ipsuces",0.00713266867936146,0.00813183281436789,0.045570876336489,-0.174344168039397,0.118258032344693,11,8,1
"V5","V20","imprich","ipsuces",-0.0079839404702481,-0.00132614515264075,0.0421376128746613,-0.102699462711632,0.0906236152258058,10,10,0
"V6","V20","impsafe","ipsuces",0,0,0,0,0,0,0,20
"V7","V20","imptrad","ipsuces",0,0,0,0,0,0,0,20
"V8","V20","ipadvnt","ipsuces",0.0094840765566,0.0193378964169078,0.0289051178121867,-0.04006707751459,0.0774512672991015,12,6,2
"V9","V20","ipbhprp","ipsuces",0,-0.00282056522307274,0.00596217179564362,-0.0456804928371986,0.0314160657257088,1,2,17
"V10","V20","ipcrtiv","ipsuces",-0.0202118319935588,-0.0211153540032043,0.0279832913812766,-0.0822863219667636,0.0686793737807226,1,13,6
"V11","V20","ipeqopt","ipsuces",0,-0.00639414043292245,0.00639414043292245,-0.0663137664414496,0,0,2,18
"V12","V20","ipfrule","ipsuces",0,0.00328692101682061,0.00328692101682061,0,0.036173492965184,3,0,17
"V13","V20","ipgdtim","ipsuces",0.000963326713157978,0.00938696337142268,0.0254750893021413,-0.0583117373082645,0.0680286906200417,11,6,3
"V14","V20","iphlppl","ipsuces",-0.000944782066619125,-0.013816683396627,0.0335377618510842,-0.0766376974310649,0.0625999649587831,5,10,5
"V15","V20","iplylfr","ipsuces",0,0.00470127081988957,0.00787926267540508,-0.0317799185551551,0.0760747180090946,2,1,17
"V16","V20","ipmodst","ipsuces",0,-0.00411817556013057,0.0101692896533578,-0.0603487282639788,0.0605111409322727,1,4,15
"V17","V20","iprspot","ipsuces",0.00890055614140056,0.005429918674002,0.0481479440935403,-0.0662048026127661,0.108884585557899,12,8,0
"V18","V20","ipshabt","ipsuces",-0.0134585514967999,-0.00172527122526532,0.044391349159624,-0.115652813996157,0.150278228748314,8,12,0
"V19","V20","ipstrgv","ipsuces",0,-0.00349467734597494,0.026656049352033,-0.0922870762681374,0.0567633993500382,7,7,6
"V1","V21","impdiff","ipudrst",-0.00429929240223341,-0.00784148824255375,0.0368527572297402,-0.0759424887928113,0.108364781388962,7,10,3
"V2","V21","impenv","ipudrst",0.00153490366086966,0.00748723163591232,0.0390314994930398,-0.074149602448833,0.13809408184996,10,10,0
"V3","V21","impfree","ipudrst",0,0.00692630890583227,0.0291936758109013,-0.0962329428097402,0.0779182622030195,7,5,8
"V4","V21","impfun","ipudrst",0,0.00428026616872077,0.00428026616872077,0,0.0499369306756766,2,0,18
"V5","V21","imprich","ipudrst",0,0.00314545036147091,0.0184668024640372,-0.0769317567969412,0.0681421658114639,4,4,12
"V6","V21","impsafe","ipudrst",0,0.00144892059443134,0.00821679163820595,-0.0676787104377462,0.0383998842540541,4,1,15
"V7","V21","imptrad","ipudrst",0,0.000774604760069327,0.0022922623294604,-0.0151765756939108,0.0306686708952973,1,1,18
"V8","V21","ipadvnt","ipudrst",0,-0.00181587593135462,0.00181587593135462,-0.0363175186270924,0,0,1,19
"V9","V21","ipbhprp","ipudrst",0,-0.00963454982416267,0.0150204558777416,-0.0758018138700431,0.0346544130603438,2,6,12
"V10","V21","ipcrtiv","ipudrst",0,-0.00397199387535413,0.0385748159801134,-0.13143267845815,0.0981092938966799,7,9,4
"V11","V21","ipeqopt","ipudrst",-0.00443507275723062,0.0075073578417322,0.0401121522728678,-0.0595278988713886,0.123770292286134,10,10,0
"V12","V21","ipfrule","ipudrst",0,-0.0120302692074485,0.0308422157186696,-0.172990858642528,0.0851134930929612,4,7,9
"V13","V21","ipgdtim","ipudrst",0,0.0049141683499333,0.0127689010835761,-0.0425723232872679,0.0733229090136914,4,3,13
"V14","V21","iphlppl","ipudrst",0.031897121203196,0.0335618628745567,0.0469191649493979,-0.0554423988761481,0.144027888358145,17,3,0
"V15","V21","iplylfr","ipudrst",0.0153347257954063,0.0100825784068225,0.0417827564173575,-0.0732302143076312,0.0845727172820985,12,8,0
"V16","V21","ipmodst","ipudrst",0.00785875495482162,-0.00956394713420596,0.0382334205657114,-0.121665899908948,0.0544931439822314,11,9,0
"V17","V21","iprspot","ipudrst",0,-0.0041519195415215,0.0041519195415215,-0.0830383908304299,0,0,1,19
"V18","V21","ipshabt","ipudrst",0,0.000619800981380804,0.00800064296836486,-0.0482946881395902,0.0862044394974566,1,2,17
"V19","V21","ipstrgv","ipudrst",0,-0.0178266781186833,0.0194569432651868,-0.108018197251693,0.016302651465035,1,7,12
"V20","V21","ipsuces","ipudrst",0,0,0,0,0,0,0,20
